disk I/O error
disk I/O error
disk I/O error
Unity Editor version:    6000.3.6f1 (bbb010bdb8a3)
Branch:                  6000.3/respin/6000.3.6f1-732c1ec89f18
Build type:              Release
Batch mode:              YES
macOS version:           Version 15.6.1 (Build 24G90)
Darwin version:          24.6.0
Architecture:            arm64
Running under Rosetta:   NO
Available memory:        16384 MB
Date:                    2026-03-11T20:17:43Z
[Licensing::Module] Trying to connect to existing licensing client channel...
[Licensing::IpcConnector] Successfully connected to: "LicenseClient-lydiakim" at "2026-03-11T20:17:43.64819Z"

COMMAND LINE ARGUMENTS:
/Applications/Unity/Hub/Editor/6000.3.6f1/Unity.app/Contents/MacOS/Unity
-adb2
-batchMode
-noUpm
-name
AssetImportWorker1
-projectPath
/Users/lydiakim/Documents/GitHub/DESIGN4127-MIDTERM
-logFile
Logs/AssetImportWorker1.log
-srvPort
65442
-licensingIpc
LicenseClient-lydiakim
-job-worker-count
5
-background-job-worker-count
8
-gc-helper-count
1
-name AssetImport
Successfully changed project path to: /Users/lydiakim/Documents/GitHub/DESIGN4127-MIDTERM
/Users/lydiakim/Documents/GitHub/DESIGN4127-MIDTERM
[UnityMemory] Configuration Parameters - Can be set up in boot.config
    "memorysetup-allocator-temp-initial-block-size-main=262144"
    "memorysetup-allocator-temp-initial-block-size-worker=262144"
    "memorysetup-temp-allocator-size-background-worker=32768"
    "memorysetup-temp-allocator-size-job-worker=262144"
    "memorysetup-temp-allocator-size-preload-manager=33554432"
    "memorysetup-temp-allocator-size-nav-mesh-worker=65536"
    "memorysetup-temp-allocator-size-audio-worker=65536"
    "memorysetup-temp-allocator-size-cloud-worker=32768"
    "memorysetup-bucket-allocator-granularity=16"
    "memorysetup-bucket-allocator-bucket-count=8"
    "memorysetup-bucket-allocator-block-size=33554432"
    "memorysetup-bucket-allocator-block-count=8"
    "memorysetup-main-allocator-block-size=16777216"
    "memorysetup-thread-allocator-block-size=16777216"
    "memorysetup-gfx-main-allocator-block-size=16777216"
    "memorysetup-gfx-thread-allocator-block-size=16777216"
    "memorysetup-cache-allocator-block-size=4194304"
    "memorysetup-typetree-allocator-block-size=2097152"
    "memorysetup-profiler-bucket-allocator-granularity=16"
    "memorysetup-profiler-bucket-allocator-bucket-count=8"
    "memorysetup-profiler-bucket-allocator-block-size=33554432"
    "memorysetup-profiler-bucket-allocator-block-count=8"
    "memorysetup-profiler-allocator-block-size=16777216"
    "memorysetup-profiler-editor-allocator-block-size=1048576"
    "memorysetup-temp-allocator-size-main=16777216"
    "memorysetup-job-temp-allocator-block-size=2097152"
    "memorysetup-job-temp-allocator-block-size-background=1048576"
    "memorysetup-job-temp-allocator-reduction-small-platforms=262144"
    "memorysetup-temp-allocator-size-gi-baking-worker=262144"
    "memorysetup-temp-allocator-size-gi-baking-worker=262144"
    "memorysetup-temp-allocator-size-gi-baking-worker=262144"
    "memorysetup-temp-allocator-size-gi-baking-worker=262144"
    "memorysetup-temp-allocator-size-gi-baking-worker=262144"
    "memorysetup-temp-allocator-size-gfx=262144"
Player connection [8504778944]  Target information:

Player connection [8504778944]  * "[IP] 10.56.2.48 [Port] 0 [Flags] 2 [Guid] 1360259373 [EditorId] 1360259373 [Version] 1048832 [Id] OSXEditor(0,dhcp-vl2051-304.eduroam.cornell.edu) [Debug] 1 [PackageName] OSXEditor [ProjectName] Editor" 

Player connection [8504778944] Host joined multi-casting on [225.0.0.222:54997]...
Player connection [8504778944] Host joined alternative multi-casting on [225.0.0.222:34997]...
JobSystem: Creating JobQueue using job-worker-count value 5
Input System module state changed to: Initialized.
[Physics::Module] Initialized fallback backend.
[Physics::Module] Id: 0xdecafbad
Library Redirect Path: Library/
[Physics::Module] Selected backend.
[Physics::Module] Name: PhysX
[Physics::Module] Id: 0xf2b8ea05
[Physics::Module] SDK Version: 4.1.2
[Physics::Module] Integration Version: 1.0.0
[Physics::Module] Threading Mode: Multi-Threaded
Refreshing native plugins compatible for Editor in 6.67 ms, found 1 plugins.
Preloading 0 native plugins for Editor in 0.00 ms.
Initialize engine version: 6000.3.6f1 (bbb010bdb8a3)
[Subsystems] Discovering subsystems at path /Applications/Unity/Hub/Editor/6000.3.6f1/Unity.app/Contents/Resources/UnitySubsystems
[Subsystems] Discovering subsystems at path /Users/lydiakim/Documents/GitHub/DESIGN4127-MIDTERM/Assets
GfxDevice: creating device client; kGfxThreadingModeNonThreaded
 preferred device: Apple M2 Pro (high power)
Metal devices available: 1
0: Apple M2 Pro (high power)
Using device Apple M2 Pro (high power)
Initializing Metal device caps: Apple M2 Pro
Mac GPU Family: 2
Apple GPU Family: 8
MSL Version: 3.0
Has Float MSAA: 1
Has Float Filtering: 1
ReadWrite Texture Tier: 2
[Licensing::Client] Handshaking with LicensingClient:
  Version:                 1.17.4+4293ba1
  Session Id:              459a7d754b134252ad665275b583d2e7
  Correlation Id:          8c834c89af8fe872cc55ea19cb6b9ef4
  External correlation Id: 3564640269110934063
  Machine Id:              uy6CVW5Fvar7RH+FHNMN1tAU+OQ=
[Licensing::Module] Successfully connected to LicensingClient on channel: "LicenseClient-lydiakim" (connect: 0.00s, validation: 0.00s, handshake: 0.43s)
[Licensing::IpcConnector] Successfully connected to: "LicenseClient-lydiakim-notifications" at "2026-03-11T20:17:44.077284Z"
[Licensing::Module] Licensing Background thread has ended after 0.43s
Initialize mono
Mono path[0] = '/Applications/Unity/Hub/Editor/6000.3.6f1/Unity.app/Contents/Resources/Scripting/Managed'
Mono path[1] = '/Applications/Unity/Hub/Editor/6000.3.6f1/Unity.app/Contents/Resources/Scripting/MonoBleedingEdge/lib/mono/unityjit-macos'
Mono config path = '/Applications/Unity/Hub/Editor/6000.3.6f1/Unity.app/Contents/Resources/Scripting/MonoBleedingEdge/etc'
Using monoOptions --debugger-agent=transport=dt_socket,embedding=1,server=y,suspend=n,address=127.0.0.1:56645
Begin MonoManager ReloadAssembly
Registering precompiled unity dll's ...
Register platform support module: /Applications/Unity/Hub/Editor/6000.3.6f1/Unity.app/Contents/PlaybackEngines/MacStandaloneSupport/UnityEditor.OSXStandalone.Extensions.dll
Registered in 0.000243 seconds.
- Loaded All Assemblies, in  0.263 seconds
Native extension for OSXStandalone target not found
ScheduleIndexationOnStartup MainProcess:False IndexOnStartup:True
Mono: successfully reloaded assembly
- Finished resetting the current domain, in  0.318 seconds
Domain Reload Profiling: 581ms
	BeginReloadAssembly (67ms)
		ExecutionOrderSort (0ms)
		DisableScriptedObjects (0ms)
		BackupInstance (0ms)
		ReleaseScriptingObjects (0ms)
		CreateAndSetChildDomain (0ms)
	RebuildCommonClasses (28ms)
	RebuildNativeTypeToScriptingClass (11ms)
	initialDomainReloadingComplete (29ms)
	LoadAllAssembliesAndSetupDomain (128ms)
		LoadAssemblies (66ms)
		RebuildTransferFunctionScriptingTraits (0ms)
		AnalyzeDomain (127ms)
			TypeCache.Refresh (125ms)
				TypeCache.ScanAssembly (113ms)
			BuildScriptInfoCaches (0ms)
			ResolveRequiredComponents (0ms)
	FinalizeReload (318ms)
		ReleaseScriptCaches (0ms)
		RebuildScriptCaches (0ms)
		SetupLoadedEditorAssemblies (282ms)
			LogAssemblyErrors (0ms)
			InitializePlatformSupportModulesInManaged (32ms)
			SetLoadedEditorAssemblies (4ms)
			BeforeProcessingInitializeOnLoad (73ms)
			ProcessInitializeOnLoadAttributes (121ms)
			ProcessInitializeOnLoadMethodAttributes (52ms)
			AfterProcessingInitializeOnLoad (0ms)
			EditorAssembliesLoaded (0ms)
		ExecutionOrderSort2 (0ms)
		AwakeInstancesAfterBackupRestoration (0ms)
========================================================================
Worker process is ready to serve import requests
Import Worker Mode flag is 0x00
Begin MonoManager ReloadAssembly
[Licensing::Client] Successfully resolved entitlement details
[Licensing::Module] License group:
  Id: 2475928428577-lyydiakim-UnityProStuXXXX
  Product: Unity Student
  Type: Assigned
  Expiration: 2027-02-05T17:08:04Z
- Loaded All Assemblies, in  0.509 seconds
Refreshing native plugins compatible for Editor in 0.22 ms, found 1 plugins.
Native extension for OSXStandalone target not found
Package Manager log level set to [2]
[Package Manager] Failed to launch server process. Reason: Unity was launched with the -noUpm command-line argument
[Package Manager] Unable to send message (not connected to server process).
[Package Manager] Cannot connect to Unity Package Manager local server
ScheduleIndexationOnStartup MainProcess:False IndexOnStartup:True
Mono: successfully reloaded assembly
- Finished resetting the current domain, in  0.632 seconds
Domain Reload Profiling: 1140ms
	BeginReloadAssembly (103ms)
		ExecutionOrderSort (0ms)
		DisableScriptedObjects (4ms)
		BackupInstance (0ms)
		ReleaseScriptingObjects (0ms)
		CreateAndSetChildDomain (29ms)
	RebuildCommonClasses (28ms)
	RebuildNativeTypeToScriptingClass (10ms)
	initialDomainReloadingComplete (23ms)
	LoadAllAssembliesAndSetupDomain (344ms)
		LoadAssemblies (202ms)
		RebuildTransferFunctionScriptingTraits (0ms)
		AnalyzeDomain (180ms)
			TypeCache.Refresh (132ms)
				TypeCache.ScanAssembly (119ms)
			BuildScriptInfoCaches (38ms)
			ResolveRequiredComponents (7ms)
	FinalizeReload (632ms)
		ReleaseScriptCaches (0ms)
		RebuildScriptCaches (0ms)
		SetupLoadedEditorAssemblies (464ms)
			LogAssemblyErrors (0ms)
			InitializePlatformSupportModulesInManaged (1ms)
			SetLoadedEditorAssemblies (3ms)
			BeforeProcessingInitializeOnLoad (106ms)
			ProcessInitializeOnLoadAttributes (313ms)
			ProcessInitializeOnLoadMethodAttributes (40ms)
			AfterProcessingInitializeOnLoad (1ms)
			EditorAssembliesLoaded (0ms)
		ExecutionOrderSort2 (0ms)
		AwakeInstancesAfterBackupRestoration (2ms)
WARNING: Shader Unsupported: 'Universal Render Pipeline/VR/SpatialMapping/Wireframe' - All subshaders removed
WARNING: Shader Did you use #pragma only_renderers and omit this platform?
WARNING: Shader If subshaders removal was intentional, you may have forgotten turning Fallback off?
WARNING: Shader Unsupported: 'Universal Render Pipeline/VR/SpatialMapping/Wireframe' - All subshaders removed
WARNING: Shader Did you use #pragma only_renderers and omit this platform?
WARNING: Shader If subshaders removal was intentional, you may have forgotten turning Fallback off?
Launching external process: /Applications/Unity/Hub/Editor/6000.3.6f1/Unity.app/Contents/Helpers/UnityShaderCompiler
Launched and connected shader compiler UnityShaderCompiler after 0.03 seconds
Refreshing native plugins compatible for Editor in 0.22 ms, found 1 plugins.
Preloading 0 native plugins for Editor in 0.00 ms.
Unloading 17 Unused Serialized files (Serialized files now loaded: 0)
Unloading 6306 unused Assets / (4.4 MB). Loaded Objects now: 7110.
Memory consumption went from 142.9 MB to 138.5 MB.
Total: 6.968917 ms (FindLiveObjects: 0.397667 ms CreateObjectMapping: 0.209958 ms MarkObjects: 4.933333 ms  DeleteObjects: 1.427709 ms)

========================================================================
Received Import Request.
  Time since last request: 152406.749752 seconds.
  path: Assets/_Recovery/0.unity
  artifactKey: Guid(27ef051f2efaf4fbbacf0f49bae707a6) Importer(2089858483,b0f066a214c2f5e87bad3c948f4d605d)
Start importing Assets/_Recovery/0.unity using Guid(27ef051f2efaf4fbbacf0f49bae707a6) Importer(2089858483,b0f066a214c2f5e87bad3c948f4d605d) (ScriptedImporter) -> (artifact id: '87c71c42bc28522420d7bb9ccefdef8b') in 0.024905959 seconds
Number of updated asset objects reloaded before import = 0Number of asset objects unloaded after import = 1

========================================================================
Received Import Request.
  Time since last request: 85.405587 seconds.
  path: Assets/Custom Sprites/timer.png
  artifactKey: Guid(830e2bf6d2c6647a29d96ae0e1902fc2) Importer(2089858483,b0f066a214c2f5e87bad3c948f4d605d)
Start importing Assets/Custom Sprites/timer.png using Guid(830e2bf6d2c6647a29d96ae0e1902fc2) Importer(2089858483,b0f066a214c2f5e87bad3c948f4d605d) (ScriptedImporter) -> (artifact id: '75212218c49333b9fe08fb2d28cebb37') in 0.144079333 seconds
Number of updated asset objects reloaded before import = 0Number of asset objects unloaded after import = 3

========================================================================
Received Import Request.
  Time since last request: 0.000077 seconds.
  path: Assets/Custom Sprites/work.png
  artifactKey: Guid(b1fbe2a4b5dcf4818aede8685f3dcab8) Importer(2089858483,b0f066a214c2f5e87bad3c948f4d605d)
Start importing Assets/Custom Sprites/work.png using Guid(b1fbe2a4b5dcf4818aede8685f3dcab8) Importer(2089858483,b0f066a214c2f5e87bad3c948f4d605d) (ScriptedImporter) -> (artifact id: '88f11df09399d78aa36070ae50e9b033') in 0.008710333 seconds
Number of updated asset objects reloaded before import = 0Number of asset objects unloaded after import = 3

========================================================================
Received Import Request.
  Time since last request: 0.000032 seconds.
  path: Assets/Custom Sprites/artstudio-input.png
  artifactKey: Guid(1ae5ccf7cfeba4e6fa170b59203f1f38) Importer(2089858483,b0f066a214c2f5e87bad3c948f4d605d)
Start importing Assets/Custom Sprites/artstudio-input.png using Guid(1ae5ccf7cfeba4e6fa170b59203f1f38) Importer(2089858483,b0f066a214c2f5e87bad3c948f4d605d) (ScriptedImporter) -> (artifact id: 'e010120c19baf599220ef431a135f926') in 0.004442792 seconds
Number of updated asset objects reloaded before import = 0Number of asset objects unloaded after import = 3

========================================================================
Received Import Request.
  Time since last request: 0.000051 seconds.
  path: Assets/Custom Sprites/bg.png
  artifactKey: Guid(c2b4879e8577645d58ae967e084fbb61) Importer(2089858483,b0f066a214c2f5e87bad3c948f4d605d)
Start importing Assets/Custom Sprites/bg.png using Guid(c2b4879e8577645d58ae967e084fbb61) Importer(2089858483,b0f066a214c2f5e87bad3c948f4d605d) (ScriptedImporter) -> (artifact id: '225adc322f24cf5dc1ff28c19ee9a4d8') in 0.008658417 seconds
Number of updated asset objects reloaded before import = 0Number of asset objects unloaded after import = 3

========================================================================
Received Import Request.
  Time since last request: 0.000038 seconds.
  path: Assets/Custom Sprites/home-input.png
  artifactKey: Guid(052221ea8cac04faaae986ca4cff4c13) Importer(2089858483,b0f066a214c2f5e87bad3c948f4d605d)
Start importing Assets/Custom Sprites/home-input.png using Guid(052221ea8cac04faaae986ca4cff4c13) Importer(2089858483,b0f066a214c2f5e87bad3c948f4d605d) (ScriptedImporter) -> (artifact id: '71199ea8316bcae11f24097c62a1ae8c') in 0.004477708 seconds
Number of updated asset objects reloaded before import = 0Number of asset objects unloaded after import = 3

========================================================================
Received Import Request.
  Time since last request: 0.000026 seconds.
  path: Assets/Custom Sprites/bodega-input.png
  artifactKey: Guid(2179d6a6a2555414fab96d49e46812bb) Importer(2089858483,b0f066a214c2f5e87bad3c948f4d605d)
Start importing Assets/Custom Sprites/bodega-input.png using Guid(2179d6a6a2555414fab96d49e46812bb) Importer(2089858483,b0f066a214c2f5e87bad3c948f4d605d) (ScriptedImporter) -> (artifact id: '33af056cf121a3836f2e55d660db17e2') in 0.005620166 seconds
Number of updated asset objects reloaded before import = 0Number of asset objects unloaded after import = 3

========================================================================
Received Import Request.
  Time since last request: 0.000042 seconds.
  path: Assets/Custom Sprites/player 1.png
  artifactKey: Guid(a08431a6375074b988b0c77ef77f0444) Importer(2089858483,b0f066a214c2f5e87bad3c948f4d605d)
Start importing Assets/Custom Sprites/player 1.png using Guid(a08431a6375074b988b0c77ef77f0444) Importer(2089858483,b0f066a214c2f5e87bad3c948f4d605d) (ScriptedImporter) -> (artifact id: '84f4b5ebefcc6a5364f99f03133e6c6b') in 0.005075083 seconds
Number of updated asset objects reloaded before import = 0Number of asset objects unloaded after import = 3

========================================================================
Received Import Request.
  Time since last request: 0.000093 seconds.
  path: Assets/Custom Sprites/pet-shelter.png
  artifactKey: Guid(ca84e68a7c9cd4b6d8f0cb18d2243535) Importer(2089858483,b0f066a214c2f5e87bad3c948f4d605d)
Start importing Assets/Custom Sprites/pet-shelter.png using Guid(ca84e68a7c9cd4b6d8f0cb18d2243535) Importer(2089858483,b0f066a214c2f5e87bad3c948f4d605d) (ScriptedImporter) -> (artifact id: 'e836c2399a36881a5030462236f41432') in 0.005958417 seconds
Number of updated asset objects reloaded before import = 0Number of asset objects unloaded after import = 3

========================================================================
Received Import Request.
  Time since last request: 0.000034 seconds.
  path: Assets/Custom Sprites/deli.png
  artifactKey: Guid(d57c8ec1deab143efb1778f036292af1) Importer(2089858483,b0f066a214c2f5e87bad3c948f4d605d)
Start importing Assets/Custom Sprites/deli.png using Guid(d57c8ec1deab143efb1778f036292af1) Importer(2089858483,b0f066a214c2f5e87bad3c948f4d605d) (ScriptedImporter) -> (artifact id: 'f3307e04dded3e38223afdcd1798ebd4') in 0.006449041 seconds
Number of updated asset objects reloaded before import = 0Number of asset objects unloaded after import = 3

========================================================================
Received Import Request.
  Time since last request: 0.000046 seconds.
  path: Assets/Custom Sprites/player 2.png
  artifactKey: Guid(d88ab456603834dee83b4f43333122f5) Importer(2089858483,b0f066a214c2f5e87bad3c948f4d605d)
Start importing Assets/Custom Sprites/player 2.png using Guid(d88ab456603834dee83b4f43333122f5) Importer(2089858483,b0f066a214c2f5e87bad3c948f4d605d) (ScriptedImporter) -> (artifact id: '15e6fd0332083b0ec81cd6aef4a5aa1d') in 0.005044083 seconds
Number of updated asset objects reloaded before import = 0Number of asset objects unloaded after import = 3

========================================================================
Received Import Request.
  Time since last request: 75.144014 seconds.
  path: Assets/Custom Sprites/0_0_640_N-removebg-preview 1.png
  artifactKey: Guid(7428a26735f8c48c9a1f6da5a5c887de) Importer(2089858483,b0f066a214c2f5e87bad3c948f4d605d)
Start importing Assets/Custom Sprites/0_0_640_N-removebg-preview 1.png using Guid(7428a26735f8c48c9a1f6da5a5c887de) Importer(2089858483,b0f066a214c2f5e87bad3c948f4d605d) (ScriptedImporter) -> (artifact id: '9a115f9d49c9662e3a465b3142b505f6') in 0.025162833 seconds
Number of updated asset objects reloaded before import = 0Number of asset objects unloaded after import = 1

========================================================================
Received Import Request.
  Time since last request: 0.000080 seconds.
  path: Assets/Custom Sprites/Screenshot_2026-03-09_at_10.00.03_PM-removebg-preview 2.png
  artifactKey: Guid(e775c0ebee49e4a8292bcb02338ba32e) Importer(2089858483,b0f066a214c2f5e87bad3c948f4d605d)
Start importing Assets/Custom Sprites/Screenshot_2026-03-09_at_10.00.03_PM-removebg-preview 2.png using Guid(e775c0ebee49e4a8292bcb02338ba32e) Importer(2089858483,b0f066a214c2f5e87bad3c948f4d605d) (ScriptedImporter) -> (artifact id: 'bb85bcd3bdefd5ecf2c3c87481400e6d') in 0.005357334 seconds
Number of updated asset objects reloaded before import = 0Number of asset objects unloaded after import = 1

========================================================================
Received Import Request.
  Time since last request: 11.114492 seconds.
  path: Assets/Custom Sprites/Screenshot_2026-03-09_at_10.13.46_PM-removebg-preview 2.png
  artifactKey: Guid(5c7f11d05866a420bb3c6437e0743a1c) Importer(2089858483,b0f066a214c2f5e87bad3c948f4d605d)
Start importing Assets/Custom Sprites/Screenshot_2026-03-09_at_10.13.46_PM-removebg-preview 2.png using Guid(5c7f11d05866a420bb3c6437e0743a1c) Importer(2089858483,b0f066a214c2f5e87bad3c948f4d605d) (ScriptedImporter) -> (artifact id: 'b4a8da132af888db22262cfd57dca379') in 0.004764833 seconds
Number of updated asset objects reloaded before import = 0Number of asset objects unloaded after import = 3

========================================================================
Received Import Request.
  Time since last request: 0.000047 seconds.
  path: Assets/Custom Sprites/Screenshot_2026-03-09_at_10.00.03_PM-removebg-preview 2.png
  artifactKey: Guid(e775c0ebee49e4a8292bcb02338ba32e) Importer(2089858483,b0f066a214c2f5e87bad3c948f4d605d)
Start importing Assets/Custom Sprites/Screenshot_2026-03-09_at_10.00.03_PM-removebg-preview 2.png using Guid(e775c0ebee49e4a8292bcb02338ba32e) Importer(2089858483,b0f066a214c2f5e87bad3c948f4d605d) (ScriptedImporter) -> (artifact id: '9984ecce83165ddd88312a6cf4828b72') in 0.004857709 seconds
Number of updated asset objects reloaded before import = 0Number of asset objects unloaded after import = 3

========================================================================
Received Import Request.
  Time since last request: 28.214863 seconds.
  path: Assets/Custom Sprites/bg.png
  artifactKey: Guid(c2b4879e8577645d58ae967e084fbb61) Importer(815301076,1909f56bfc062723c751e8b465ee728b)
Start importing Assets/Custom Sprites/bg.png using Guid(c2b4879e8577645d58ae967e084fbb61) Importer(815301076,1909f56bfc062723c751e8b465ee728b) (PreviewImporter) -> (artifact id: 'e0ed94e0f1ae8e0fea5fd506b5479e77') in 0.177361292 seconds
Number of updated asset objects reloaded before import = 0Number of asset objects unloaded after import = 3

========================================================================
Received Import Request.
  Time since last request: 0.000048 seconds.
  path: Assets/Custom Sprites/Screenshot_2026-03-09_at_10.06.59_PM-removebg-preview 1.png
  artifactKey: Guid(b2c82a2d0f562460b9e281202d2788d4) Importer(815301076,1909f56bfc062723c751e8b465ee728b)
Start importing Assets/Custom Sprites/Screenshot_2026-03-09_at_10.06.59_PM-removebg-preview 1.png using Guid(b2c82a2d0f562460b9e281202d2788d4) Importer(815301076,1909f56bfc062723c751e8b465ee728b) (PreviewImporter) -> (artifact id: '71820e6b44ef95a18bef8cd43a3043b2') in 0.007657667 seconds
Number of updated asset objects reloaded before import = 0Number of asset objects unloaded after import = 3

========================================================================
Received Import Request.
  Time since last request: 0.000036 seconds.
  path: Assets/Custom Sprites/resources-board.png
  artifactKey: Guid(351b3075ebd4047178096240e0e3603f) Importer(815301076,1909f56bfc062723c751e8b465ee728b)
Start importing Assets/Custom Sprites/resources-board.png using Guid(351b3075ebd4047178096240e0e3603f) Importer(815301076,1909f56bfc062723c751e8b465ee728b) (PreviewImporter) -> (artifact id: '6610c78f839bd2e1ff42cff9c4ffe996') in 0.015416958 seconds
Number of updated asset objects reloaded before import = 0Number of asset objects unloaded after import = 3

========================================================================
Received Import Request.
  Time since last request: 0.000049 seconds.
  path: Assets/Custom Sprites/deli.png
  artifactKey: Guid(d57c8ec1deab143efb1778f036292af1) Importer(815301076,1909f56bfc062723c751e8b465ee728b)
Start importing Assets/Custom Sprites/deli.png using Guid(d57c8ec1deab143efb1778f036292af1) Importer(815301076,1909f56bfc062723c751e8b465ee728b) (PreviewImporter) -> (artifact id: 'f8065c61c47c7bab59bbef4cf6ed4b3b') in 0.011788916 seconds
Number of updated asset objects reloaded before import = 0Number of asset objects unloaded after import = 3

========================================================================
Received Import Request.
  Time since last request: 0.000031 seconds.
  path: Assets/Custom Sprites/park-input.png
  artifactKey: Guid(b241500cbe2974c7dae6b3efa130e4af) Importer(815301076,1909f56bfc062723c751e8b465ee728b)
Start importing Assets/Custom Sprites/park-input.png using Guid(b241500cbe2974c7dae6b3efa130e4af) Importer(815301076,1909f56bfc062723c751e8b465ee728b) (PreviewImporter) -> (artifact id: '80d0ee817ca66b960d2815afd8743783') in 0.005920541 seconds
Number of updated asset objects reloaded before import = 0Number of asset objects unloaded after import = 3

========================================================================
Received Import Request.
  Time since last request: 0.000064 seconds.
  path: Assets/Custom Sprites/work-input.png
  artifactKey: Guid(0a5523e194d2940e49ac80ad997b4020) Importer(815301076,1909f56bfc062723c751e8b465ee728b)
Start importing Assets/Custom Sprites/work-input.png using Guid(0a5523e194d2940e49ac80ad997b4020) Importer(815301076,1909f56bfc062723c751e8b465ee728b) (PreviewImporter) -> (artifact id: 'fd8313d234b5b61a7abb55a3766e11d1') in 0.007947875 seconds
Number of updated asset objects reloaded before import = 0Number of asset objects unloaded after import = 3

========================================================================
Received Import Request.
  Time since last request: 0.000043 seconds.
  path: Assets/Custom Sprites/money.png
  artifactKey: Guid(12f99e0d11a7447768f2684e6f916e58) Importer(815301076,1909f56bfc062723c751e8b465ee728b)
Start importing Assets/Custom Sprites/money.png using Guid(12f99e0d11a7447768f2684e6f916e58) Importer(815301076,1909f56bfc062723c751e8b465ee728b) (PreviewImporter) -> (artifact id: '9c2cc5139e8df30899cfd594f730273c') in 0.008095084 seconds
Number of updated asset objects reloaded before import = 0Number of asset objects unloaded after import = 3

========================================================================
Received Import Request.
  Time since last request: 0.000051 seconds.
  path: Assets/Custom Sprites/energy.png
  artifactKey: Guid(7c15933528f424ddc9b51c3ba64682af) Importer(815301076,1909f56bfc062723c751e8b465ee728b)
Start importing Assets/Custom Sprites/energy.png using Guid(7c15933528f424ddc9b51c3ba64682af) Importer(815301076,1909f56bfc062723c751e8b465ee728b) (PreviewImporter) -> (artifact id: '00236f9e4c4e2677e6f12fc16dd864e1') in 0.007512125 seconds
Number of updated asset objects reloaded before import = 0Number of asset objects unloaded after import = 3

========================================================================
Received Import Request.
  Time since last request: 0.000043 seconds.
  path: Assets/Custom Sprites/Screenshot_2026-03-09_at_10.13.46_PM-removebg-preview 2.png
  artifactKey: Guid(5c7f11d05866a420bb3c6437e0743a1c) Importer(815301076,1909f56bfc062723c751e8b465ee728b)
Start importing Assets/Custom Sprites/Screenshot_2026-03-09_at_10.13.46_PM-removebg-preview 2.png using Guid(5c7f11d05866a420bb3c6437e0743a1c) Importer(815301076,1909f56bfc062723c751e8b465ee728b) (PreviewImporter) -> (artifact id: 'c0a63f8cce86e90944472aea374ad5b4') in 0.006724125 seconds
Number of updated asset objects reloaded before import = 0Number of asset objects unloaded after import = 3

========================================================================
Received Import Request.
  Time since last request: 0.000041 seconds.
  path: Assets/Custom Sprites/Screenshot_2026-03-09_at_10.00.03_PM-removebg-preview 2.png
  artifactKey: Guid(e775c0ebee49e4a8292bcb02338ba32e) Importer(815301076,1909f56bfc062723c751e8b465ee728b)
Start importing Assets/Custom Sprites/Screenshot_2026-03-09_at_10.00.03_PM-removebg-preview 2.png using Guid(e775c0ebee49e4a8292bcb02338ba32e) Importer(815301076,1909f56bfc062723c751e8b465ee728b) (PreviewImporter) -> (artifact id: '08d9ddc19a80da4283348cc1e4ff3ae1') in 0.010195084 seconds
Number of updated asset objects reloaded before import = 0Number of asset objects unloaded after import = 3

========================================================================
Received Import Request.
  Time since last request: 0.000043 seconds.
  path: Assets/Custom Sprites/player 4.png
  artifactKey: Guid(df92780822aca476bbe68606a1d06ec8) Importer(815301076,1909f56bfc062723c751e8b465ee728b)
Start importing Assets/Custom Sprites/player 4.png using Guid(df92780822aca476bbe68606a1d06ec8) Importer(815301076,1909f56bfc062723c751e8b465ee728b) (PreviewImporter) -> (artifact id: '0e7724a8c50a812e1de1d9934d7c154a') in 0.008487458 seconds
Number of updated asset objects reloaded before import = 0Number of asset objects unloaded after import = 3

========================================================================
Received Import Request.
  Time since last request: 0.000042 seconds.
  path: Assets/Custom Sprites/deli-input.png
  artifactKey: Guid(732d64db62f3449debcd2179ab5e44af) Importer(815301076,1909f56bfc062723c751e8b465ee728b)
Start importing Assets/Custom Sprites/deli-input.png using Guid(732d64db62f3449debcd2179ab5e44af) Importer(815301076,1909f56bfc062723c751e8b465ee728b) (PreviewImporter) -> (artifact id: 'fd4932962defda01e5ca2341516bf182') in 0.006127083 seconds
Number of updated asset objects reloaded before import = 0Number of asset objects unloaded after import = 3

========================================================================
Received Prepare
Begin MonoManager ReloadAssembly
[Licensing::Client] Successfully resolved entitlement details
Thread 0x337087000 may have been prematurely finalized
- Loaded All Assemblies, in  0.532 seconds
Refreshing native plugins compatible for Editor in 0.21 ms, found 1 plugins.
Native extension for OSXStandalone target not found
[Package Manager] Failed to launch server process. Reason: Unity was launched with the -noUpm command-line argument
[Package Manager] Unable to send message (not connected to server process).
[Package Manager] Cannot connect to Unity Package Manager local server
ScheduleIndexationOnStartup MainProcess:False IndexOnStartup:True
Mono: successfully reloaded assembly
- Finished resetting the current domain, in  0.558 seconds
Domain Reload Profiling: 1092ms
	BeginReloadAssembly (191ms)
		ExecutionOrderSort (0ms)
		DisableScriptedObjects (11ms)
		BackupInstance (0ms)
		ReleaseScriptingObjects (0ms)
		CreateAndSetChildDomain (75ms)
	RebuildCommonClasses (26ms)
	RebuildNativeTypeToScriptingClass (9ms)
	initialDomainReloadingComplete (16ms)
	LoadAllAssembliesAndSetupDomain (292ms)
		LoadAssemblies (201ms)
		RebuildTransferFunctionScriptingTraits (0ms)
		AnalyzeDomain (131ms)
			TypeCache.Refresh (8ms)
				TypeCache.ScanAssembly (0ms)
			BuildScriptInfoCaches (114ms)
			ResolveRequiredComponents (7ms)
	FinalizeReload (558ms)
		ReleaseScriptCaches (0ms)
		RebuildScriptCaches (0ms)
		SetupLoadedEditorAssemblies (447ms)
			LogAssemblyErrors (0ms)
			InitializePlatformSupportModulesInManaged (1ms)
			SetLoadedEditorAssemblies (4ms)
			BeforeProcessingInitializeOnLoad (120ms)
			ProcessInitializeOnLoadAttributes (281ms)
			ProcessInitializeOnLoadMethodAttributes (40ms)
			AfterProcessingInitializeOnLoad (1ms)
			EditorAssembliesLoaded (0ms)
		ExecutionOrderSort2 (0ms)
		AwakeInstancesAfterBackupRestoration (7ms)
WARNING: Shader Unsupported: 'Universal Render Pipeline/VR/SpatialMapping/Wireframe' - All subshaders removed
WARNING: Shader Did you use #pragma only_renderers and omit this platform?
WARNING: Shader If subshaders removal was intentional, you may have forgotten turning Fallback off?
WARNING: Shader Unsupported: 'Universal Render Pipeline/VR/SpatialMapping/Wireframe' - All subshaders removed
WARNING: Shader Did you use #pragma only_renderers and omit this platform?
WARNING: Shader If subshaders removal was intentional, you may have forgotten turning Fallback off?
Refreshing native plugins compatible for Editor in 0.30 ms, found 1 plugins.
Preloading 0 native plugins for Editor in 0.00 ms.
Unloading 17 Unused Serialized files (Serialized files now loaded: 0)
Unloading 6302 unused Assets / (4.1 MB). Loaded Objects now: 7149.
Memory consumption went from 161.2 MB to 157.1 MB.
Total: 7.540125 ms (FindLiveObjects: 0.378209 ms CreateObjectMapping: 0.256833 ms MarkObjects: 5.392208 ms  DeleteObjects: 1.512584 ms)

Prepare: number of updated asset objects reloaded= 0
========================================================================
Received Import Request.
  Time since last request: 677.613656 seconds.
  path: Packages/com.unity.render-pipelines.core/Runtime/Debugging/Prefabs/Textures/UIArrowDown.png
  artifactKey: Guid(f224bfd122877a34aa49c63693fc317b) Importer(815301076,1909f56bfc062723c751e8b465ee728b)
Start importing Packages/com.unity.render-pipelines.core/Runtime/Debugging/Prefabs/Textures/UIArrowDown.png using Guid(f224bfd122877a34aa49c63693fc317b) Importer(815301076,1909f56bfc062723c751e8b465ee728b) (PreviewImporter) -> (artifact id: '074a5826069d79519958e456356598b4') in 0.247926875 seconds
Number of updated asset objects reloaded before import = 0Number of asset objects unloaded after import = 3

========================================================================
Received Import Request.
  Time since last request: 0.000077 seconds.
  path: Packages/com.unity.render-pipelines.core/Runtime/Debugging/Prefabs/Textures/UICheckMark.png
  artifactKey: Guid(b346b2a2df1d290438be3287b6419408) Importer(815301076,1909f56bfc062723c751e8b465ee728b)
Start importing Packages/com.unity.render-pipelines.core/Runtime/Debugging/Prefabs/Textures/UICheckMark.png using Guid(b346b2a2df1d290438be3287b6419408) Importer(815301076,1909f56bfc062723c751e8b465ee728b) (PreviewImporter) -> (artifact id: 'f1bc7909e9fce15a7db640d83a1e3dcb') in 0.005764209 seconds
Number of updated asset objects reloaded before import = 0Number of asset objects unloaded after import = 3

========================================================================
Received Import Request.
  Time since last request: 0.000032 seconds.
  path: Packages/com.unity.shadergraph/Editor/Resources/GraphView/Nodes/UITKShaderPreview-Texture.png
  artifactKey: Guid(e5c0078b94743b5468d137f0728f414e) Importer(815301076,1909f56bfc062723c751e8b465ee728b)
Start importing Packages/com.unity.shadergraph/Editor/Resources/GraphView/Nodes/UITKShaderPreview-Texture.png using Guid(e5c0078b94743b5468d137f0728f414e) Importer(815301076,1909f56bfc062723c751e8b465ee728b) (PreviewImporter) -> (artifact id: 'aac25ac222ce50398e9b0e8f22899bc9') in 0.016143167 seconds
Number of updated asset objects reloaded before import = 0Number of asset objects unloaded after import = 3

========================================================================
Received Import Request.
  Time since last request: 0.000045 seconds.
  path: Packages/com.unity.render-pipelines.core/Runtime/Debugging/Prefabs/Textures/UIElement8px.png
  artifactKey: Guid(d49e78756811bfa4aafb8b6535417991) Importer(815301076,1909f56bfc062723c751e8b465ee728b)
Start importing Packages/com.unity.render-pipelines.core/Runtime/Debugging/Prefabs/Textures/UIElement8px.png using Guid(d49e78756811bfa4aafb8b6535417991) Importer(815301076,1909f56bfc062723c751e8b465ee728b) (PreviewImporter) -> (artifact id: '58abefca0ef79a8080c1bcb906537ce1') in 0.00531225 seconds
Number of updated asset objects reloaded before import = 0Number of asset objects unloaded after import = 3

========================================================================
Received Import Request.
  Time since last request: 0.000033 seconds.
  path: Packages/com.unity.render-pipelines.core/Runtime/Debugging/Prefabs/Textures/UIFoldoutClosed.png
  artifactKey: Guid(7a0568d5e3330b84687e307992be3030) Importer(815301076,1909f56bfc062723c751e8b465ee728b)
Start importing Packages/com.unity.render-pipelines.core/Runtime/Debugging/Prefabs/Textures/UIFoldoutClosed.png using Guid(7a0568d5e3330b84687e307992be3030) Importer(815301076,1909f56bfc062723c751e8b465ee728b) (PreviewImporter) -> (artifact id: '72944c9ad2a5413d7f8ed6fb81115a42') in 0.005198375 seconds
Number of updated asset objects reloaded before import = 0Number of asset objects unloaded after import = 3

========================================================================
Received Import Request.
  Time since last request: 0.431379 seconds.
  path: Packages/com.gameassemblylab.gameassemblies/Samples/2d Assets/Tests/Square_Sprite.png
  artifactKey: Guid(4c56b87fe2bb50e4a9d0aa1dd3729e1a) Importer(815301076,1909f56bfc062723c751e8b465ee728b)
Start importing Packages/com.gameassemblylab.gameassemblies/Samples/2d Assets/Tests/Square_Sprite.png using Guid(4c56b87fe2bb50e4a9d0aa1dd3729e1a) Importer(815301076,1909f56bfc062723c751e8b465ee728b) (PreviewImporter) -> (artifact id: '1ccb037b2a848bd5bcd836219f8bf345') in 0.009994792 seconds
Number of updated asset objects reloaded before import = 0Number of asset objects unloaded after import = 3

========================================================================
Received Import Request.
  Time since last request: 0.000040 seconds.
  path: Packages/com.unity.render-pipelines.core/Editor/LookDev/Icons/SunPosition.png
  artifactKey: Guid(aa1dfcb67e8bf664d8d8a1821c118281) Importer(815301076,1909f56bfc062723c751e8b465ee728b)
Start importing Packages/com.unity.render-pipelines.core/Editor/LookDev/Icons/SunPosition.png using Guid(aa1dfcb67e8bf664d8d8a1821c118281) Importer(815301076,1909f56bfc062723c751e8b465ee728b) (PreviewImporter) -> (artifact id: '370ea967c83b308cbbe6c724ddef54a3') in 0.006965459 seconds
Number of updated asset objects reloaded before import = 0Number of asset objects unloaded after import = 3

========================================================================
Received Import Request.
  Time since last request: 0.000043 seconds.
  path: Packages/com.unity.render-pipelines.core/Editor/LookDev/Icons/Rotation@2x.png
  artifactKey: Guid(e9af78578671a3345b8cbf82f1f030b5) Importer(815301076,1909f56bfc062723c751e8b465ee728b)
Start importing Packages/com.unity.render-pipelines.core/Editor/LookDev/Icons/Rotation@2x.png using Guid(e9af78578671a3345b8cbf82f1f030b5) Importer(815301076,1909f56bfc062723c751e8b465ee728b) (PreviewImporter) -> (artifact id: '1fe15da27143afb55d72ff3463e5f8e7') in 0.005243709 seconds
Number of updated asset objects reloaded before import = 0Number of asset objects unloaded after import = 3

========================================================================
Received Import Request.
  Time since last request: 0.000035 seconds.
  path: Packages/com.gameassemblylab.gameassemblies/Samples/2d Assets/Tests/ParticleSprite_00.png
  artifactKey: Guid(537ffce6b072d6b4bbe9074884339335) Importer(815301076,1909f56bfc062723c751e8b465ee728b)
Start importing Packages/com.gameassemblylab.gameassemblies/Samples/2d Assets/Tests/ParticleSprite_00.png using Guid(537ffce6b072d6b4bbe9074884339335) Importer(815301076,1909f56bfc062723c751e8b465ee728b) (PreviewImporter) -> (artifact id: '51b48005c25f4a333b3645b8945347aa') in 0.005980959 seconds
Number of updated asset objects reloaded before import = 0Number of asset objects unloaded after import = 3

========================================================================
Received Import Request.
  Time since last request: 0.000043 seconds.
  path: Packages/com.gameassemblylab.gameassemblies/Samples/2d Assets/Tests/ParticleSprite_01.png
  artifactKey: Guid(9095723dd5788354da56e940f1ef92cc) Importer(815301076,1909f56bfc062723c751e8b465ee728b)
Start importing Packages/com.gameassemblylab.gameassemblies/Samples/2d Assets/Tests/ParticleSprite_01.png using Guid(9095723dd5788354da56e940f1ef92cc) Importer(815301076,1909f56bfc062723c751e8b465ee728b) (PreviewImporter) -> (artifact id: '766597d935d805a6cb7243efb3e2c53e') in 0.006339708 seconds
Number of updated asset objects reloaded before import = 0Number of asset objects unloaded after import = 3

========================================================================
Received Import Request.
  Time since last request: 0.000040 seconds.
  path: Packages/com.unity.render-pipelines.core/Editor/LookDev/Icons/LookDev.png
  artifactKey: Guid(85099cb723efe4444a23b08281d721c2) Importer(815301076,1909f56bfc062723c751e8b465ee728b)
Start importing Packages/com.unity.render-pipelines.core/Editor/LookDev/Icons/LookDev.png using Guid(85099cb723efe4444a23b08281d721c2) Importer(815301076,1909f56bfc062723c751e8b465ee728b) (PreviewImporter) -> (artifact id: '5c411e5346c4735c7f0c888ee35c61f0') in 0.005174666 seconds
Number of updated asset objects reloaded before import = 0Number of asset objects unloaded after import = 3

========================================================================
Received Import Request.
  Time since last request: 0.000040 seconds.
  path: Packages/com.unity.render-pipelines.core/Editor/LookDev/Icons/renderdoc.png
  artifactKey: Guid(cf13fb90f91d2a545a00591d75b43bd8) Importer(815301076,1909f56bfc062723c751e8b465ee728b)
Start importing Packages/com.unity.render-pipelines.core/Editor/LookDev/Icons/renderdoc.png using Guid(cf13fb90f91d2a545a00591d75b43bd8) Importer(815301076,1909f56bfc062723c751e8b465ee728b) (PreviewImporter) -> (artifact id: '5d02400a197ba0e046f25564682d1587') in 0.005500792 seconds
Number of updated asset objects reloaded before import = 0Number of asset objects unloaded after import = 3

========================================================================
Received Import Request.
  Time since last request: 0.000048 seconds.
  path: Packages/com.unity.render-pipelines.core/Editor/LookDev/Icons/RightArrow.png
  artifactKey: Guid(df4dc708bd8692446a6d5c3531ac377b) Importer(815301076,1909f56bfc062723c751e8b465ee728b)
Start importing Packages/com.unity.render-pipelines.core/Editor/LookDev/Icons/RightArrow.png using Guid(df4dc708bd8692446a6d5c3531ac377b) Importer(815301076,1909f56bfc062723c751e8b465ee728b) (PreviewImporter) -> (artifact id: 'daaefd7e7651ded98cd255451f4170e3') in 0.005356208 seconds
Number of updated asset objects reloaded before import = 0Number of asset objects unloaded after import = 3

========================================================================
Received Import Request.
  Time since last request: 0.000041 seconds.
  path: Packages/com.unity.render-pipelines.core/Editor/LookDev/Icons/Remove@2x.png
  artifactKey: Guid(049c8a7821177594692244298d82e4af) Importer(815301076,1909f56bfc062723c751e8b465ee728b)
Start importing Packages/com.unity.render-pipelines.core/Editor/LookDev/Icons/Remove@2x.png using Guid(049c8a7821177594692244298d82e4af) Importer(815301076,1909f56bfc062723c751e8b465ee728b) (PreviewImporter) -> (artifact id: 'eb87acc88f86a31d7c0251cdae4060cd') in 0.005490666 seconds
Number of updated asset objects reloaded before import = 0Number of asset objects unloaded after import = 3

========================================================================
Received Import Request.
  Time since last request: 0.000039 seconds.
  path: Packages/com.gameassemblylab.gameassemblies/Samples/2d Assets/Tests/ParticleSprite_02.png
  artifactKey: Guid(4322702b77a8b0645b6fce1b0ed55d91) Importer(815301076,1909f56bfc062723c751e8b465ee728b)
Start importing Packages/com.gameassemblylab.gameassemblies/Samples/2d Assets/Tests/ParticleSprite_02.png using Guid(4322702b77a8b0645b6fce1b0ed55d91) Importer(815301076,1909f56bfc062723c751e8b465ee728b) (PreviewImporter) -> (artifact id: '11d5c48e15bfa8685305d968a44e9dff') in 0.00834825 seconds
Number of updated asset objects reloaded before import = 0Number of asset objects unloaded after import = 3

========================================================================
Received Import Request.
  Time since last request: 0.000042 seconds.
  path: Packages/com.unity.render-pipelines.core/Editor/LookDev/Icons/LookDev@2x.png
  artifactKey: Guid(bd76726ffb1eb94429fb8143429bd978) Importer(815301076,1909f56bfc062723c751e8b465ee728b)
Start importing Packages/com.unity.render-pipelines.core/Editor/LookDev/Icons/LookDev@2x.png using Guid(bd76726ffb1eb94429fb8143429bd978) Importer(815301076,1909f56bfc062723c751e8b465ee728b) (PreviewImporter) -> (artifact id: '261930bc05484a33dc9f7c17471979f0') in 0.005425708 seconds
Number of updated asset objects reloaded before import = 0Number of asset objects unloaded after import = 3

========================================================================
Received Import Request.
  Time since last request: 0.000042 seconds.
  path: Packages/com.unity.render-pipelines.core/Editor/LookDev/Icons/RightArrow@2x.png
  artifactKey: Guid(e194270977977b24da0c6e1c962a5ce9) Importer(815301076,1909f56bfc062723c751e8b465ee728b)
Start importing Packages/com.unity.render-pipelines.core/Editor/LookDev/Icons/RightArrow@2x.png using Guid(e194270977977b24da0c6e1c962a5ce9) Importer(815301076,1909f56bfc062723c751e8b465ee728b) (PreviewImporter) -> (artifact id: 'b7fb988b9f2ced6284397f67d40c813f') in 0.004944333 seconds
Number of updated asset objects reloaded before import = 0Number of asset objects unloaded after import = 3

========================================================================
Received Import Request.
  Time since last request: 44.729356 seconds.
  path: Packages/com.unity.render-pipelines.core/Runtime/Debugging/Prefabs/Resources/DebugUIPersistentCanvas.prefab
  artifactKey: Guid(f6b1a0fe75d5009449cf55ae76220e2b) Importer(815301076,1909f56bfc062723c751e8b465ee728b)
Start importing Packages/com.unity.render-pipelines.core/Runtime/Debugging/Prefabs/Resources/DebugUIPersistentCanvas.prefab using Guid(f6b1a0fe75d5009449cf55ae76220e2b) Importer(815301076,1909f56bfc062723c751e8b465ee728b) (PreviewImporter) -> (artifact id: 'a775712752819af7eac5bffca8ba1418') in 0.02603925 seconds
Number of updated asset objects reloaded before import = 0Number of asset objects unloaded after import = 29

========================================================================
Received Import Request.
  Time since last request: 0.000079 seconds.
  path: Packages/com.unity.render-pipelines.core/Runtime/Debugging/Prefabs/Widgets/DebugUIGroup.prefab
  artifactKey: Guid(38a07789c9e87004dad98c2909f58369) Importer(815301076,1909f56bfc062723c751e8b465ee728b)
Start importing Packages/com.unity.render-pipelines.core/Runtime/Debugging/Prefabs/Widgets/DebugUIGroup.prefab using Guid(38a07789c9e87004dad98c2909f58369) Importer(815301076,1909f56bfc062723c751e8b465ee728b) (PreviewImporter) -> (artifact id: 'fdbf049ee2effcb08eaec068a52d53cd') in 0.002126291 seconds
Number of updated asset objects reloaded before import = 0Number of asset objects unloaded after import = 23

========================================================================
Received Import Request.
  Time since last request: 0.000043 seconds.
  path: Packages/com.unity.render-pipelines.core/Runtime/Debugging/Prefabs/Widgets/DebugUIEnumHistory.prefab
  artifactKey: Guid(b2da6b27df236b144b3516ed8e7d36ac) Importer(815301076,1909f56bfc062723c751e8b465ee728b)
Start importing Packages/com.unity.render-pipelines.core/Runtime/Debugging/Prefabs/Widgets/DebugUIEnumHistory.prefab using Guid(b2da6b27df236b144b3516ed8e7d36ac) Importer(815301076,1909f56bfc062723c751e8b465ee728b) (PreviewImporter) -> (artifact id: '111fd50c53ffb0aa23eab990869688da') in 0.001595541 seconds
Number of updated asset objects reloaded before import = 0Number of asset objects unloaded after import = 15

========================================================================
Received Import Request.
  Time since last request: 0.000049 seconds.
  path: Packages/com.unity.render-pipelines.core/Runtime/Debugging/Prefabs/Widgets/DebugUIRow.prefab
  artifactKey: Guid(2d019437ff89b8d44949727731cd9357) Importer(815301076,1909f56bfc062723c751e8b465ee728b)
Start importing Packages/com.unity.render-pipelines.core/Runtime/Debugging/Prefabs/Widgets/DebugUIRow.prefab using Guid(2d019437ff89b8d44949727731cd9357) Importer(815301076,1909f56bfc062723c751e8b465ee728b) (PreviewImporter) -> (artifact id: 'b559d6088df056e2442feb12fc2c14bb') in 0.005405125 seconds
Number of updated asset objects reloaded before import = 0Number of asset objects unloaded after import = 34

========================================================================
Received Import Request.
  Time since last request: 0.000039 seconds.
  path: Packages/com.unity.render-pipelines.core/Runtime/Debugging/Prefabs/Widgets/DebugUIToggleHistory.prefab
  artifactKey: Guid(5088d0220f0c4df439cf06c5c270eacb) Importer(815301076,1909f56bfc062723c751e8b465ee728b)
Start importing Packages/com.unity.render-pipelines.core/Runtime/Debugging/Prefabs/Widgets/DebugUIToggleHistory.prefab using Guid(5088d0220f0c4df439cf06c5c270eacb) Importer(815301076,1909f56bfc062723c751e8b465ee728b) (PreviewImporter) -> (artifact id: '61e275c94a40a019583f62182d36736f') in 0.003803 seconds
Number of updated asset objects reloaded before import = 0Number of asset objects unloaded after import = 24

========================================================================
Received Import Request.
  Time since last request: 0.000040 seconds.
  path: Packages/com.unity.render-pipelines.core/Runtime/Debugging/Prefabs/Widgets/DebugUIHBox.prefab
  artifactKey: Guid(f7f5e36797cf0c1408561665c67b179b) Importer(815301076,1909f56bfc062723c751e8b465ee728b)
Start importing Packages/com.unity.render-pipelines.core/Runtime/Debugging/Prefabs/Widgets/DebugUIHBox.prefab using Guid(f7f5e36797cf0c1408561665c67b179b) Importer(815301076,1909f56bfc062723c751e8b465ee728b) (PreviewImporter) -> (artifact id: 'af136b0d5321c16fd58d33711a215c6b') in 0.001793417 seconds
Number of updated asset objects reloaded before import = 0Number of asset objects unloaded after import = 8

========================================================================
Received Import Request.
  Time since last request: 0.000037 seconds.
  path: Packages/com.unity.render-pipelines.core/Runtime/Debugging/Prefabs/Widgets/DebugUIObjectList.prefab
  artifactKey: Guid(ad83bc56407925d44a77a5bd01cd6783) Importer(815301076,1909f56bfc062723c751e8b465ee728b)
Start importing Packages/com.unity.render-pipelines.core/Runtime/Debugging/Prefabs/Widgets/DebugUIObjectList.prefab using Guid(ad83bc56407925d44a77a5bd01cd6783) Importer(815301076,1909f56bfc062723c751e8b465ee728b) (PreviewImporter) -> (artifact id: '54f025fb9e5e74c87cd39ff2a96a569e') in 0.002959292 seconds
Number of updated asset objects reloaded before import = 0Number of asset objects unloaded after import = 27

========================================================================
Received Import Request.
  Time since last request: 0.000080 seconds.
  path: Packages/com.unity.render-pipelines.core/Runtime/Debugging/Prefabs/Widgets/DebugUIFoldout.prefab
  artifactKey: Guid(1c87ab2ce8b8b304d98fbe9a734b1f74) Importer(815301076,1909f56bfc062723c751e8b465ee728b)
Start importing Packages/com.unity.render-pipelines.core/Runtime/Debugging/Prefabs/Widgets/DebugUIFoldout.prefab using Guid(1c87ab2ce8b8b304d98fbe9a734b1f74) Importer(815301076,1909f56bfc062723c751e8b465ee728b) (PreviewImporter) -> (artifact id: 'e6fc5cc50e0328c21611de3a53a0a219') in 0.001612292 seconds
Number of updated asset objects reloaded before import = 0Number of asset objects unloaded after import = 34

========================================================================
Received Import Request.
  Time since last request: 0.000051 seconds.
  path: Packages/com.unity.render-pipelines.core/Runtime/Debugging/Prefabs/Widgets/DebugUIObject.prefab
  artifactKey: Guid(a87cfaef648f17c41b568e842e068c51) Importer(815301076,1909f56bfc062723c751e8b465ee728b)
Start importing Packages/com.unity.render-pipelines.core/Runtime/Debugging/Prefabs/Widgets/DebugUIObject.prefab using Guid(a87cfaef648f17c41b568e842e068c51) Importer(815301076,1909f56bfc062723c751e8b465ee728b) (PreviewImporter) -> (artifact id: '3adc166194d6b1f7deb55975dfd113ae') in 0.001295917 seconds
Number of updated asset objects reloaded before import = 0Number of asset objects unloaded after import = 15

========================================================================
Received Import Request.
  Time since last request: 0.000053 seconds.
  path: Assets/Game Assemblies/Prefabs/Stations/Bedroom.prefab
  artifactKey: Guid(b86758c78b813467fa727381d5c1a2be) Importer(815301076,1909f56bfc062723c751e8b465ee728b)
Start importing Assets/Game Assemblies/Prefabs/Stations/Bedroom.prefab using Guid(b86758c78b813467fa727381d5c1a2be) Importer(815301076,1909f56bfc062723c751e8b465ee728b) (PreviewImporter) -> (artifact id: '75dbf05f0e872919eae0e789f0f5b44b') in 0.333477416 seconds
Number of updated asset objects reloaded before import = 0Number of asset objects unloaded after import = 183

========================================================================
Received Import Request.
  Time since last request: 0.000046 seconds.
  path: Packages/com.unity.render-pipelines.core/Runtime/Debugging/Prefabs/Widgets/DebugUIIntField.prefab
  artifactKey: Guid(ae00bb75e0cd5b04b8fe7fb4ab662629) Importer(815301076,1909f56bfc062723c751e8b465ee728b)
Start importing Packages/com.unity.render-pipelines.core/Runtime/Debugging/Prefabs/Widgets/DebugUIIntField.prefab using Guid(ae00bb75e0cd5b04b8fe7fb4ab662629) Importer(815301076,1909f56bfc062723c751e8b465ee728b) (PreviewImporter) -> (artifact id: '68721b0003b1db0af38eef79eabad18c') in 0.001693208 seconds
Number of updated asset objects reloaded before import = 0Number of asset objects unloaded after import = 37

========================================================================
Received Import Request.
  Time since last request: 0.000049 seconds.
  path: Packages/com.gameassemblylab.gameassemblies/Samples/Prefabs/Overcook Objects/Cooking_Station Variant.prefab
  artifactKey: Guid(724439da94e5e904a9f178c10b0d1e9e) Importer(815301076,1909f56bfc062723c751e8b465ee728b)
Start importing Packages/com.gameassemblylab.gameassemblies/Samples/Prefabs/Overcook Objects/Cooking_Station Variant.prefab using Guid(724439da94e5e904a9f178c10b0d1e9e) Importer(815301076,1909f56bfc062723c751e8b465ee728b) (PreviewImporter) -> (artifact id: 'cd17f57ec3155cf8dd997b4318c86025') in 0.027249042 seconds
Number of updated asset objects reloaded before import = 0Number of asset objects unloaded after import = 372

========================================================================
Received Import Request.
  Time since last request: 0.000070 seconds.
  path: Packages/com.gameassemblylab.gameassemblies/Samples/Prefabs/Tutorial Objects/Convert_Resources_On_Work.prefab
  artifactKey: Guid(683b8162218d5d44db2e69e08042e425) Importer(815301076,1909f56bfc062723c751e8b465ee728b)
Start importing Packages/com.gameassemblylab.gameassemblies/Samples/Prefabs/Tutorial Objects/Convert_Resources_On_Work.prefab using Guid(683b8162218d5d44db2e69e08042e425) Importer(815301076,1909f56bfc062723c751e8b465ee728b) (PreviewImporter) -> (artifact id: '0c23c1936947f1151391ed05168d370e') in 0.022956625 seconds
Number of updated asset objects reloaded before import = 0Number of asset objects unloaded after import = 214

========================================================================
Received Import Request.
  Time since last request: 0.000046 seconds.
  path: Packages/com.unity.render-pipelines.core/Runtime/Debugging/Prefabs/Widgets/DebugUIEnumField.prefab
  artifactKey: Guid(988db55689193434fb0b3b89538f978f) Importer(815301076,1909f56bfc062723c751e8b465ee728b)
Start importing Packages/com.unity.render-pipelines.core/Runtime/Debugging/Prefabs/Widgets/DebugUIEnumField.prefab using Guid(988db55689193434fb0b3b89538f978f) Importer(815301076,1909f56bfc062723c751e8b465ee728b) (PreviewImporter) -> (artifact id: '479dd6571e6c2f6e83bc61e5c350a9cc') in 0.001565417 seconds
Number of updated asset objects reloaded before import = 0Number of asset objects unloaded after import = 27

========================================================================
Received Import Request.
  Time since last request: 0.000063 seconds.
  path: Packages/com.unity.render-pipelines.core/Runtime/Debugging/Prefabs/Widgets/DebugUIBitField.prefab
  artifactKey: Guid(7c78b588b2e1f7c4a86ca4a985cf6e4a) Importer(815301076,1909f56bfc062723c751e8b465ee728b)
Start importing Packages/com.unity.render-pipelines.core/Runtime/Debugging/Prefabs/Widgets/DebugUIBitField.prefab using Guid(7c78b588b2e1f7c4a86ca4a985cf6e4a) Importer(815301076,1909f56bfc062723c751e8b465ee728b) (PreviewImporter) -> (artifact id: '70933e25785c6b7a132cf417a14aea6c') in 0.0110455 seconds
Number of updated asset objects reloaded before import = 0Number of asset objects unloaded after import = 612

========================================================================
Received Import Request.
  Time since last request: 0.000042 seconds.
  path: Packages/com.unity.render-pipelines.universal/Tests/Editor/Tools/Converters/ReadonlyMaterialConverter/Cube.prefab
  artifactKey: Guid(95cb9745d0f90ed4cb2976ad2147b05d) Importer(815301076,1909f56bfc062723c751e8b465ee728b)
Start importing Packages/com.unity.render-pipelines.universal/Tests/Editor/Tools/Converters/ReadonlyMaterialConverter/Cube.prefab using Guid(95cb9745d0f90ed4cb2976ad2147b05d) Importer(815301076,1909f56bfc062723c751e8b465ee728b) (PreviewImporter) -> (artifact id: '6082a2ccf8f256bc229264c0bcb084ce') in 0.834773916 seconds
Number of updated asset objects reloaded before import = 0Number of asset objects unloaded after import = 7

========================================================================
Received Import Request.
  Time since last request: 192.419866 seconds.
  path: Packages/com.gameassemblylab.gameassemblies/Samples/2d Assets/Drawn Assets/Circle_Outline_02.png
  artifactKey: Guid(f9738db01415aab4188b0a56e609c869) Importer(815301076,1909f56bfc062723c751e8b465ee728b)
Start importing Packages/com.gameassemblylab.gameassemblies/Samples/2d Assets/Drawn Assets/Circle_Outline_02.png using Guid(f9738db01415aab4188b0a56e609c869) Importer(815301076,1909f56bfc062723c751e8b465ee728b) (PreviewImporter) -> (artifact id: 'dfaf01848289cbc4d028b5c870db03fc') in 0.027986208 seconds
Number of updated asset objects reloaded before import = 0Number of asset objects unloaded after import = 3

========================================================================
Received Import Request.
  Time since last request: 0.000137 seconds.
  path: Packages/com.gameassemblylab.gameassemblies/Samples/2d Assets/Drawn Assets/Icons Sprites.png
  artifactKey: Guid(4c26d41f8477d2846b721039e81a9827) Importer(815301076,1909f56bfc062723c751e8b465ee728b)
Start importing Packages/com.gameassemblylab.gameassemblies/Samples/2d Assets/Drawn Assets/Icons Sprites.png using Guid(4c26d41f8477d2846b721039e81a9827) Importer(815301076,1909f56bfc062723c751e8b465ee728b) (PreviewImporter) -> (artifact id: 'c4ca46152cb27b33368f6b92f3c6c8c7') in 0.173624916 seconds
Number of updated asset objects reloaded before import = 0Number of asset objects unloaded after import = 59

========================================================================
Received Import Request.
  Time since last request: 0.000056 seconds.
  path: Packages/com.gameassemblylab.gameassemblies/Samples/2d Assets/Drawn Assets/CircleBackground.png
  artifactKey: Guid(6a3b44e411aa7644eb3b55ed3817984a) Importer(815301076,1909f56bfc062723c751e8b465ee728b)
Start importing Packages/com.gameassemblylab.gameassemblies/Samples/2d Assets/Drawn Assets/CircleBackground.png using Guid(6a3b44e411aa7644eb3b55ed3817984a) Importer(815301076,1909f56bfc062723c751e8b465ee728b) (PreviewImporter) -> (artifact id: '16e1052305bde92e1377e2940e8fafc0') in 0.0064285 seconds
Number of updated asset objects reloaded before import = 0Number of asset objects unloaded after import = 3

========================================================================
Received Import Request.
  Time since last request: 0.000069 seconds.
  path: Packages/com.gameassemblylab.gameassemblies/Samples/2d Assets/Drawn Assets/Food Sprites 01.png
  artifactKey: Guid(fa7cdf6daef6acf4a80a54f32cd5edb2) Importer(815301076,1909f56bfc062723c751e8b465ee728b)
Start importing Packages/com.gameassemblylab.gameassemblies/Samples/2d Assets/Drawn Assets/Food Sprites 01.png using Guid(fa7cdf6daef6acf4a80a54f32cd5edb2) Importer(815301076,1909f56bfc062723c751e8b465ee728b) (PreviewImporter) -> (artifact id: 'babca0349530b74c9a1f0e9a2e0c4c4f') in 0.671176625 seconds
Number of updated asset objects reloaded before import = 0Number of asset objects unloaded after import = 321

========================================================================
Received Import Request.
  Time since last request: 99.824849 seconds.
  path: Packages/com.gameassemblylab.gameassemblies/Samples/Materials/2d Sprite Ground Fog.mat
  artifactKey: Guid(4316e6e643620924bbbf2a45d91a6ee0) Importer(815301076,1909f56bfc062723c751e8b465ee728b)
Start importing Packages/com.gameassemblylab.gameassemblies/Samples/Materials/2d Sprite Ground Fog.mat using Guid(4316e6e643620924bbbf2a45d91a6ee0) Importer(815301076,1909f56bfc062723c751e8b465ee728b) (PreviewImporter) -> (artifact id: '442509dc4e4389d418cec0d7fa418f55') in 0.137460708 seconds
Number of updated asset objects reloaded before import = 0Number of asset objects unloaded after import = 1

========================================================================
Received Import Request.
  Time since last request: 0.000067 seconds.
  path: Packages/com.gameassemblylab.gameassemblies/Samples/Materials/columns.physicsMaterial2D
  artifactKey: Guid(792bf3839045c1d478fa0c0941a2d3c0) Importer(815301076,1909f56bfc062723c751e8b465ee728b)
Start importing Packages/com.gameassemblylab.gameassemblies/Samples/Materials/columns.physicsMaterial2D using Guid(792bf3839045c1d478fa0c0941a2d3c0) Importer(815301076,1909f56bfc062723c751e8b465ee728b) (PreviewImporter) -> (artifact id: 'a06d52cead2b1467809c100e1e9f68b7') in 0.000871083 seconds
Number of updated asset objects reloaded before import = 0Number of asset objects unloaded after import = 1

========================================================================
Received Import Request.
  Time since last request: 0.000068 seconds.
  path: Packages/com.gameassemblylab.gameassemblies/Samples/Materials/Asset_02.mat
  artifactKey: Guid(8df86d5471cdabe49896c10b2f9c5a3a) Importer(815301076,1909f56bfc062723c751e8b465ee728b)
Start importing Packages/com.gameassemblylab.gameassemblies/Samples/Materials/Asset_02.mat using Guid(8df86d5471cdabe49896c10b2f9c5a3a) Importer(815301076,1909f56bfc062723c751e8b465ee728b) (PreviewImporter) -> (artifact id: '39326ea32bcb30599d40d80200e45b2a') in 0.016054209 seconds
Number of updated asset objects reloaded before import = 0Number of asset objects unloaded after import = 2

========================================================================
Received Import Request.
  Time since last request: 0.000070 seconds.
  path: Packages/com.gameassemblylab.gameassemblies/Samples/Materials/SpriteShine_Resource.mat
  artifactKey: Guid(1022b4739cf9e054782a425f0e877fca) Importer(815301076,1909f56bfc062723c751e8b465ee728b)
Start importing Packages/com.gameassemblylab.gameassemblies/Samples/Materials/SpriteShine_Resource.mat using Guid(1022b4739cf9e054782a425f0e877fca) Importer(815301076,1909f56bfc062723c751e8b465ee728b) (PreviewImporter) -> (artifact id: '9bfdec4f1a30ef544928c112ae3e74b1') in 0.009367833 seconds
Number of updated asset objects reloaded before import = 0Number of asset objects unloaded after import = 1

========================================================================
Received Import Request.
  Time since last request: 0.000043 seconds.
  path: Packages/com.gameassemblylab.gameassemblies/Samples/Materials/UnlitWhite.mat
  artifactKey: Guid(768e0526884a8bd4395da50920796eb0) Importer(815301076,1909f56bfc062723c751e8b465ee728b)
Start importing Packages/com.gameassemblylab.gameassemblies/Samples/Materials/UnlitWhite.mat using Guid(768e0526884a8bd4395da50920796eb0) Importer(815301076,1909f56bfc062723c751e8b465ee728b) (PreviewImporter) -> (artifact id: 'd45d6c1d17ce89da3c6c09d338675cf8') in 0.02717775 seconds
Number of updated asset objects reloaded before import = 0Number of asset objects unloaded after import = 3

========================================================================
Received Import Request.
  Time since last request: 0.000039 seconds.
  path: Packages/com.gameassemblylab.gameassemblies/Samples/Materials/SpriteShine_Station.mat
  artifactKey: Guid(4a0542d54a482a84b888b089fd6709b4) Importer(815301076,1909f56bfc062723c751e8b465ee728b)
Start importing Packages/com.gameassemblylab.gameassemblies/Samples/Materials/SpriteShine_Station.mat using Guid(4a0542d54a482a84b888b089fd6709b4) Importer(815301076,1909f56bfc062723c751e8b465ee728b) (PreviewImporter) -> (artifact id: '7799bdb27782cb1410c32146c076f5c9') in 0.009853542 seconds
Number of updated asset objects reloaded before import = 0Number of asset objects unloaded after import = 1

========================================================================
Received Import Request.
  Time since last request: 0.000068 seconds.
  path: Packages/com.gameassemblylab.gameassemblies/Samples/Materials/SpriteShine_Experimental.mat
  artifactKey: Guid(ed38db32f5b872a498e3fae74d9c9283) Importer(815301076,1909f56bfc062723c751e8b465ee728b)
Start importing Packages/com.gameassemblylab.gameassemblies/Samples/Materials/SpriteShine_Experimental.mat using Guid(ed38db32f5b872a498e3fae74d9c9283) Importer(815301076,1909f56bfc062723c751e8b465ee728b) (PreviewImporter) -> (artifact id: 'f7964eb8990d6c391872bc669b3cc3f4') in 0.014250541 seconds
Number of updated asset objects reloaded before import = 0Number of asset objects unloaded after import = 1

========================================================================
Received Import Request.
  Time since last request: 0.000048 seconds.
  path: Packages/com.gameassemblylab.gameassemblies/Samples/Materials/Asset_01.mat
  artifactKey: Guid(e4bcaf2acf3e5fb48917437acfeda4b5) Importer(815301076,1909f56bfc062723c751e8b465ee728b)
Start importing Packages/com.gameassemblylab.gameassemblies/Samples/Materials/Asset_01.mat using Guid(e4bcaf2acf3e5fb48917437acfeda4b5) Importer(815301076,1909f56bfc062723c751e8b465ee728b) (PreviewImporter) -> (artifact id: '4e14079b23842d0af3de451fd7b8569f') in 0.006059166 seconds
Number of updated asset objects reloaded before import = 0Number of asset objects unloaded after import = 2

========================================================================
Received Import Request.
  Time since last request: 27.108594 seconds.
  path: Assets/Materials/red.mat
  artifactKey: Guid(5e43098be8a7548c39ac7165f4d84a2f) Importer(815301076,1909f56bfc062723c751e8b465ee728b)
Start importing Assets/Materials/red.mat using Guid(5e43098be8a7548c39ac7165f4d84a2f) Importer(815301076,1909f56bfc062723c751e8b465ee728b) (PreviewImporter) -> (artifact id: '0ed9280ad33fa6db586b36eb5ef40618') in 0.012827792 seconds
Number of updated asset objects reloaded before import = 0Number of asset objects unloaded after import = 1

========================================================================
Received Import Request.
  Time since last request: 56.863866 seconds.
  path: Assets/InputSystem_Actions.inputactions
  artifactKey: Guid(052faaac586de48259a63d0c4782560b) Importer(815301076,1909f56bfc062723c751e8b465ee728b)
Start importing Assets/InputSystem_Actions.inputactions using Guid(052faaac586de48259a63d0c4782560b) Importer(815301076,1909f56bfc062723c751e8b465ee728b) (PreviewImporter) -> (artifact id: '01930f40487c8621e82f37946cdc2c76') in 0.038030917 seconds
Number of updated asset objects reloaded before import = 0Number of asset objects unloaded after import = 19

========================================================================
Received Import Request.
  Time since last request: 95.673788 seconds.
  path: Assets/Custom Sprites/Materials/bg 1.mat
  artifactKey: Guid(b9aafd2babb0a456d95475a9d2b34760) Importer(2089858483,b0f066a214c2f5e87bad3c948f4d605d)
Start importing Assets/Custom Sprites/Materials/bg 1.mat using Guid(b9aafd2babb0a456d95475a9d2b34760) Importer(2089858483,b0f066a214c2f5e87bad3c948f4d605d) (ScriptedImporter) -> (artifact id: '5d5fc9b49f2c7ddd8346059b63919ae9') in 0.098145792 seconds
Number of updated asset objects reloaded before import = 0Number of asset objects unloaded after import = 2

========================================================================
Received Import Request.
  Time since last request: 381.234199 seconds.
  path: Assets/Game Assemblies/Databases/Resources/Friendship.asset
  artifactKey: Guid(59e3a4b76d9974c2296fba8f152f52bb) Importer(815301076,1909f56bfc062723c751e8b465ee728b)
Start importing Assets/Game Assemblies/Databases/Resources/Friendship.asset using Guid(59e3a4b76d9974c2296fba8f152f52bb) Importer(815301076,1909f56bfc062723c751e8b465ee728b) (PreviewImporter) -> (artifact id: '2283111d908e619aa2804256dafd7809') in 0.013991208 seconds
Number of updated asset objects reloaded before import = 0Number of asset objects unloaded after import = 21

========================================================================
Received Import Request.
  Time since last request: 0.000150 seconds.
  path: Assets/Game Assemblies/Databases/Resources/Money.asset
  artifactKey: Guid(a4618650674e74bd78312716a37b0e72) Importer(815301076,1909f56bfc062723c751e8b465ee728b)
Start importing Assets/Game Assemblies/Databases/Resources/Money.asset using Guid(a4618650674e74bd78312716a37b0e72) Importer(815301076,1909f56bfc062723c751e8b465ee728b) (PreviewImporter) -> (artifact id: 'db9a0a1fbf72c6357f3957f050f8288d') in 0.016646 seconds
Number of updated asset objects reloaded before import = 0Number of asset objects unloaded after import = 21

========================================================================
Received Import Request.
  Time since last request: 14.279633 seconds.
  path: Assets/Game Assemblies/Databases/Stations/Bodega.asset
  artifactKey: Guid(4e3fb43b209fa4f858f5960fc37ef3dc) Importer(815301076,1909f56bfc062723c751e8b465ee728b)
Start importing Assets/Game Assemblies/Databases/Stations/Bodega.asset using Guid(4e3fb43b209fa4f858f5960fc37ef3dc) Importer(815301076,1909f56bfc062723c751e8b465ee728b) (PreviewImporter) -> (artifact id: '959e5241900ae538ff7f8311bd1cc412') in 0.105117 seconds
Number of updated asset objects reloaded before import = 0Number of asset objects unloaded after import = 177

========================================================================
Received Import Request.
  Time since last request: 0.000039 seconds.
  path: Assets/Settings/PC_RPAsset.asset
  artifactKey: Guid(4b83569d67af61e458304325a23e5dfd) Importer(815301076,1909f56bfc062723c751e8b465ee728b)
Start importing Assets/Settings/PC_RPAsset.asset using Guid(4b83569d67af61e458304325a23e5dfd) Importer(815301076,1909f56bfc062723c751e8b465ee728b) (PreviewImporter) -> (artifact id: '1456ddb8e0d5ece8a62c24926bd7dff5') in 0.001153958 seconds
Number of updated asset objects reloaded before import = 0Number of asset objects unloaded after import = 0

========================================================================
Received Import Request.
  Time since last request: 0.000038 seconds.
  path: Assets/Settings/Mobile_RPAsset.asset
  artifactKey: Guid(5e6cbd92db86f4b18aec3ed561671858) Importer(815301076,1909f56bfc062723c751e8b465ee728b)
Start importing Assets/Settings/Mobile_RPAsset.asset using Guid(5e6cbd92db86f4b18aec3ed561671858) Importer(815301076,1909f56bfc062723c751e8b465ee728b) (PreviewImporter) -> (artifact id: '3178b500f75bb8e943d8438cfcdcf1b7') in 0.002495541 seconds
Number of updated asset objects reloaded before import = 0Number of asset objects unloaded after import = 2

========================================================================
Received Import Request.
  Time since last request: 0.000052 seconds.
  path: Assets/Settings/Mobile_Renderer.asset
  artifactKey: Guid(65bc7dbf4170f435aa868c779acfb082) Importer(815301076,1909f56bfc062723c751e8b465ee728b)
Start importing Assets/Settings/Mobile_Renderer.asset using Guid(65bc7dbf4170f435aa868c779acfb082) Importer(815301076,1909f56bfc062723c751e8b465ee728b) (PreviewImporter) -> (artifact id: 'd246be45d650b496251a8b2536b3002f') in 0.001206667 seconds
Number of updated asset objects reloaded before import = 0Number of asset objects unloaded after import = 1

========================================================================
Received Import Request.
  Time since last request: 335.322330 seconds.
  path: Assets/Game Assemblies/Databases/Resources/Friendship.asset
  artifactKey: Guid(59e3a4b76d9974c2296fba8f152f52bb) Importer(2089858483,b0f066a214c2f5e87bad3c948f4d605d)
Start importing Assets/Game Assemblies/Databases/Resources/Friendship.asset using Guid(59e3a4b76d9974c2296fba8f152f52bb) Importer(2089858483,b0f066a214c2f5e87bad3c948f4d605d) (ScriptedImporter) -> (artifact id: '0c0c3b34944bd808ba7e72de12a17ad1') in 0.117319541 seconds
Number of updated asset objects reloaded before import = 0Number of asset objects unloaded after import = 21

========================================================================
Received Import Request.
  Time since last request: 0.000096 seconds.
  path: Assets/Game Assemblies/Prefabs/Stations/park.prefab
  artifactKey: Guid(063da1a831b5e4b1283e67ff214c93f8) Importer(2089858483,b0f066a214c2f5e87bad3c948f4d605d)
Start importing Assets/Game Assemblies/Prefabs/Stations/park.prefab using Guid(063da1a831b5e4b1283e67ff214c93f8) Importer(2089858483,b0f066a214c2f5e87bad3c948f4d605d) (ScriptedImporter) -> (artifact id: '11cf252277e9e3149e2aa84e98b4be90') in 0.078484709 seconds
Number of updated asset objects reloaded before import = 0Number of asset objects unloaded after import = 179

========================================================================
Received Prepare
Begin MonoManager ReloadAssembly
[Licensing::Client] Successfully resolved entitlement details
Thread 0x16ba47000 may have been prematurely finalized
- Loaded All Assemblies, in  0.801 seconds
Refreshing native plugins compatible for Editor in 0.28 ms, found 1 plugins.
Native extension for OSXStandalone target not found
[Package Manager] Failed to launch server process. Reason: Unity was launched with the -noUpm command-line argument
[Package Manager] Unable to send message (not connected to server process).
[Package Manager] Cannot connect to Unity Package Manager local server
ScheduleIndexationOnStartup MainProcess:False IndexOnStartup:True
Mono: successfully reloaded assembly
- Finished resetting the current domain, in  0.585 seconds
Domain Reload Profiling: 1389ms
	BeginReloadAssembly (243ms)
		ExecutionOrderSort (0ms)
		DisableScriptedObjects (25ms)
		BackupInstance (0ms)
		ReleaseScriptingObjects (1ms)
		CreateAndSetChildDomain (83ms)
	RebuildCommonClasses (28ms)
	RebuildNativeTypeToScriptingClass (11ms)
	initialDomainReloadingComplete (24ms)
	LoadAllAssembliesAndSetupDomain (497ms)
		LoadAssemblies (431ms)
		RebuildTransferFunctionScriptingTraits (0ms)
		AnalyzeDomain (151ms)
			TypeCache.Refresh (16ms)
				TypeCache.ScanAssembly (2ms)
			BuildScriptInfoCaches (125ms)
			ResolveRequiredComponents (7ms)
	FinalizeReload (586ms)
		ReleaseScriptCaches (0ms)
		RebuildScriptCaches (0ms)
		SetupLoadedEditorAssemblies (476ms)
			LogAssemblyErrors (0ms)
			InitializePlatformSupportModulesInManaged (1ms)
			SetLoadedEditorAssemblies (5ms)
			BeforeProcessingInitializeOnLoad (114ms)
			ProcessInitializeOnLoadAttributes (311ms)
			ProcessInitializeOnLoadMethodAttributes (44ms)
			AfterProcessingInitializeOnLoad (1ms)
			EditorAssembliesLoaded (0ms)
		ExecutionOrderSort2 (0ms)
		AwakeInstancesAfterBackupRestoration (8ms)
WARNING: Shader Unsupported: 'Universal Render Pipeline/VR/SpatialMapping/Wireframe' - All subshaders removed
WARNING: Shader Did you use #pragma only_renderers and omit this platform?
WARNING: Shader If subshaders removal was intentional, you may have forgotten turning Fallback off?
WARNING: Shader Unsupported: 'Universal Render Pipeline/VR/SpatialMapping/Wireframe' - All subshaders removed
WARNING: Shader Did you use #pragma only_renderers and omit this platform?
WARNING: Shader If subshaders removal was intentional, you may have forgotten turning Fallback off?
Refreshing native plugins compatible for Editor in 0.50 ms, found 1 plugins.
Preloading 0 native plugins for Editor in 0.00 ms.
Unloading 17 Unused Serialized files (Serialized files now loaded: 0)
Unloading 6376 unused Assets / (4.3 MB). Loaded Objects now: 7529.
Memory consumption went from 178.4 MB to 174.1 MB.
Total: 8.548667 ms (FindLiveObjects: 0.450667 ms CreateObjectMapping: 0.308000 ms MarkObjects: 5.746208 ms  DeleteObjects: 2.043208 ms)

Prepare: number of updated asset objects reloaded= 0
========================================================================
Received Import Request.
  Time since last request: 34.469399 seconds.
  path: Assets/Custom Sprites/bodega-input.png
  artifactKey: Guid(2179d6a6a2555414fab96d49e46812bb) Importer(815301076,1909f56bfc062723c751e8b465ee728b)
Start importing Assets/Custom Sprites/bodega-input.png using Guid(2179d6a6a2555414fab96d49e46812bb) Importer(815301076,1909f56bfc062723c751e8b465ee728b) (PreviewImporter) -> (artifact id: '61fcf8480ab694e4c3cfd9a0e16cbb97') in 0.04493425 seconds
Number of updated asset objects reloaded before import = 0Number of asset objects unloaded after import = 3

========================================================================
Received Import Request.
  Time since last request: 0.000040 seconds.
  path: Assets/Custom Sprites/home-input.png
  artifactKey: Guid(052221ea8cac04faaae986ca4cff4c13) Importer(815301076,1909f56bfc062723c751e8b465ee728b)
Start importing Assets/Custom Sprites/home-input.png using Guid(052221ea8cac04faaae986ca4cff4c13) Importer(815301076,1909f56bfc062723c751e8b465ee728b) (PreviewImporter) -> (artifact id: '98473c188fe9e2a727137b9a0f9a3005') in 0.007959833 seconds
Number of updated asset objects reloaded before import = 0Number of asset objects unloaded after import = 3

========================================================================
Received Import Request.
  Time since last request: 0.000049 seconds.
  path: Assets/Custom Sprites/resources-board.png
  artifactKey: Guid(351b3075ebd4047178096240e0e3603f) Importer(815301076,1909f56bfc062723c751e8b465ee728b)
Start importing Assets/Custom Sprites/resources-board.png using Guid(351b3075ebd4047178096240e0e3603f) Importer(815301076,1909f56bfc062723c751e8b465ee728b) (PreviewImporter) -> (artifact id: 'e15beccbffe15aa5ab8bac35ca0da9f3') in 0.014115916 seconds
Number of updated asset objects reloaded before import = 0Number of asset objects unloaded after import = 3

========================================================================
Received Import Request.
  Time since last request: 0.000039 seconds.
  path: Assets/Custom Sprites/deli.png
  artifactKey: Guid(d57c8ec1deab143efb1778f036292af1) Importer(815301076,1909f56bfc062723c751e8b465ee728b)
Start importing Assets/Custom Sprites/deli.png using Guid(d57c8ec1deab143efb1778f036292af1) Importer(815301076,1909f56bfc062723c751e8b465ee728b) (PreviewImporter) -> (artifact id: '4be0f8d7fe2a78c041c3e5407d87f454') in 0.012683875 seconds
Number of updated asset objects reloaded before import = 0Number of asset objects unloaded after import = 3

========================================================================
Received Import Request.
  Time since last request: 0.000046 seconds.
  path: Assets/Custom Sprites/LOGO.png
  artifactKey: Guid(c8c59b537f7e7409983aef7fbf89567f) Importer(815301076,1909f56bfc062723c751e8b465ee728b)
Start importing Assets/Custom Sprites/LOGO.png using Guid(c8c59b537f7e7409983aef7fbf89567f) Importer(815301076,1909f56bfc062723c751e8b465ee728b) (PreviewImporter) -> (artifact id: '30c1783f6d02d379d8460edbcacfdac9') in 0.010484208 seconds
Number of updated asset objects reloaded before import = 0Number of asset objects unloaded after import = 3

========================================================================
Received Import Request.
  Time since last request: 0.000039 seconds.
  path: Assets/Custom Sprites/bodega.png
  artifactKey: Guid(71f541e413358492a8ce5bd4a397965f) Importer(815301076,1909f56bfc062723c751e8b465ee728b)
Start importing Assets/Custom Sprites/bodega.png using Guid(71f541e413358492a8ce5bd4a397965f) Importer(815301076,1909f56bfc062723c751e8b465ee728b) (PreviewImporter) -> (artifact id: '8593f5e0263a17bd941269203f027064') in 0.00968425 seconds
Number of updated asset objects reloaded before import = 0Number of asset objects unloaded after import = 3

========================================================================
Received Import Request.
  Time since last request: 0.000030 seconds.
  path: Assets/Custom Sprites/0_0_640_N-removebg-preview 1.png
  artifactKey: Guid(7428a26735f8c48c9a1f6da5a5c887de) Importer(815301076,1909f56bfc062723c751e8b465ee728b)
Start importing Assets/Custom Sprites/0_0_640_N-removebg-preview 1.png using Guid(7428a26735f8c48c9a1f6da5a5c887de) Importer(815301076,1909f56bfc062723c751e8b465ee728b) (PreviewImporter) -> (artifact id: 'adb58f12b4bc12e8ab9f924281f9963c') in 0.007872375 seconds
Number of updated asset objects reloaded before import = 0Number of asset objects unloaded after import = 3

========================================================================
Received Import Request.
  Time since last request: 0.000045 seconds.
  path: Assets/Custom Sprites/money.png
  artifactKey: Guid(12f99e0d11a7447768f2684e6f916e58) Importer(815301076,1909f56bfc062723c751e8b465ee728b)
Start importing Assets/Custom Sprites/money.png using Guid(12f99e0d11a7447768f2684e6f916e58) Importer(815301076,1909f56bfc062723c751e8b465ee728b) (PreviewImporter) -> (artifact id: 'd35941bf9c2069767b38ea6cc17946b1') in 0.006816542 seconds
Number of updated asset objects reloaded before import = 0Number of asset objects unloaded after import = 3

========================================================================
Received Import Request.
  Time since last request: 0.000042 seconds.
  path: Assets/Custom Sprites/energy.png
  artifactKey: Guid(7c15933528f424ddc9b51c3ba64682af) Importer(815301076,1909f56bfc062723c751e8b465ee728b)
Start importing Assets/Custom Sprites/energy.png using Guid(7c15933528f424ddc9b51c3ba64682af) Importer(815301076,1909f56bfc062723c751e8b465ee728b) (PreviewImporter) -> (artifact id: 'b062cebeb2c8c42f669bbca06ae88656') in 0.007256292 seconds
Number of updated asset objects reloaded before import = 0Number of asset objects unloaded after import = 3

========================================================================
Received Import Request.
  Time since last request: 0.000034 seconds.
  path: Assets/Custom Sprites/Screenshot_2026-03-09_at_10.13.46_PM-removebg-preview 2.png
  artifactKey: Guid(5c7f11d05866a420bb3c6437e0743a1c) Importer(815301076,1909f56bfc062723c751e8b465ee728b)
Start importing Assets/Custom Sprites/Screenshot_2026-03-09_at_10.13.46_PM-removebg-preview 2.png using Guid(5c7f11d05866a420bb3c6437e0743a1c) Importer(815301076,1909f56bfc062723c751e8b465ee728b) (PreviewImporter) -> (artifact id: 'fc76e937c012ee7329d91a410cc7ff37') in 0.006471292 seconds
Number of updated asset objects reloaded before import = 0Number of asset objects unloaded after import = 3

========================================================================
Received Import Request.
  Time since last request: 0.000037 seconds.
  path: Assets/Custom Sprites/Screenshot_2026-03-09_at_10.00.03_PM-removebg-preview 2.png
  artifactKey: Guid(e775c0ebee49e4a8292bcb02338ba32e) Importer(815301076,1909f56bfc062723c751e8b465ee728b)
Start importing Assets/Custom Sprites/Screenshot_2026-03-09_at_10.00.03_PM-removebg-preview 2.png using Guid(e775c0ebee49e4a8292bcb02338ba32e) Importer(815301076,1909f56bfc062723c751e8b465ee728b) (PreviewImporter) -> (artifact id: '930798a6f6b3a5266432500c8db510d4') in 0.007147459 seconds
Number of updated asset objects reloaded before import = 0Number of asset objects unloaded after import = 3

========================================================================
Received Import Request.
  Time since last request: 0.000030 seconds.
  path: Assets/Custom Sprites/park.png
  artifactKey: Guid(9a35f0aeafb964e3db5ec7554e2aac79) Importer(815301076,1909f56bfc062723c751e8b465ee728b)
Start importing Assets/Custom Sprites/park.png using Guid(9a35f0aeafb964e3db5ec7554e2aac79) Importer(815301076,1909f56bfc062723c751e8b465ee728b) (PreviewImporter) -> (artifact id: '84e12158bfeaa6f8f0b19f2ff9e63aca') in 0.008954291 seconds
Number of updated asset objects reloaded before import = 0Number of asset objects unloaded after import = 3

========================================================================
Received Import Request.
  Time since last request: 0.000039 seconds.
  path: Assets/Custom Sprites/player 4.png
  artifactKey: Guid(df92780822aca476bbe68606a1d06ec8) Importer(815301076,1909f56bfc062723c751e8b465ee728b)
Start importing Assets/Custom Sprites/player 4.png using Guid(df92780822aca476bbe68606a1d06ec8) Importer(815301076,1909f56bfc062723c751e8b465ee728b) (PreviewImporter) -> (artifact id: 'eb97491775145f8e69ce274858c29b53') in 0.006949958 seconds
Number of updated asset objects reloaded before import = 0Number of asset objects unloaded after import = 3

========================================================================
Received Import Request.
  Time since last request: 0.000029 seconds.
  path: Assets/Custom Sprites/friendship.png
  artifactKey: Guid(8fc724a08b94447c2a39daec93c2da24) Importer(815301076,1909f56bfc062723c751e8b465ee728b)
Start importing Assets/Custom Sprites/friendship.png using Guid(8fc724a08b94447c2a39daec93c2da24) Importer(815301076,1909f56bfc062723c751e8b465ee728b) (PreviewImporter) -> (artifact id: '8ffaacae89b3aafb3552947dffa542c5') in 0.008511791 seconds
Number of updated asset objects reloaded before import = 0Number of asset objects unloaded after import = 3

========================================================================
Received Prepare
Begin MonoManager ReloadAssembly
Thread 0x16b1e7000 may have been prematurely finalized
- Loaded All Assemblies, in  0.634 seconds
Refreshing native plugins compatible for Editor in 0.21 ms, found 1 plugins.
Native extension for OSXStandalone target not found
[Package Manager] Failed to launch server process. Reason: Unity was launched with the -noUpm command-line argument
[Package Manager] Unable to send message (not connected to server process).
[Package Manager] Cannot connect to Unity Package Manager local server
ScheduleIndexationOnStartup MainProcess:False IndexOnStartup:True
Mono: successfully reloaded assembly
- Finished resetting the current domain, in  0.553 seconds
Domain Reload Profiling: 1191ms
	BeginReloadAssembly (185ms)
		ExecutionOrderSort (0ms)
		DisableScriptedObjects (6ms)
		BackupInstance (0ms)
		ReleaseScriptingObjects (0ms)
		CreateAndSetChildDomain (82ms)
	RebuildCommonClasses (27ms)
	RebuildNativeTypeToScriptingClass (10ms)
	initialDomainReloadingComplete (15ms)
	LoadAllAssembliesAndSetupDomain (399ms)
		LoadAssemblies (194ms)
		RebuildTransferFunctionScriptingTraits (0ms)
		AnalyzeDomain (251ms)
			TypeCache.Refresh (12ms)
				TypeCache.ScanAssembly (1ms)
			BuildScriptInfoCaches (219ms)
			ResolveRequiredComponents (10ms)
	FinalizeReload (554ms)
		ReleaseScriptCaches (0ms)
		RebuildScriptCaches (0ms)
		SetupLoadedEditorAssemblies (449ms)
			LogAssemblyErrors (0ms)
			InitializePlatformSupportModulesInManaged (1ms)
			SetLoadedEditorAssemblies (6ms)
			BeforeProcessingInitializeOnLoad (106ms)
			ProcessInitializeOnLoadAttributes (292ms)
			ProcessInitializeOnLoadMethodAttributes (42ms)
			AfterProcessingInitializeOnLoad (1ms)
			EditorAssembliesLoaded (0ms)
		ExecutionOrderSort2 (0ms)
		AwakeInstancesAfterBackupRestoration (8ms)
WARNING: Shader Unsupported: 'Universal Render Pipeline/VR/SpatialMapping/Wireframe' - All subshaders removed
WARNING: Shader Did you use #pragma only_renderers and omit this platform?
WARNING: Shader If subshaders removal was intentional, you may have forgotten turning Fallback off?
WARNING: Shader Unsupported: 'Universal Render Pipeline/VR/SpatialMapping/Wireframe' - All subshaders removed
WARNING: Shader Did you use #pragma only_renderers and omit this platform?
WARNING: Shader If subshaders removal was intentional, you may have forgotten turning Fallback off?
Refreshing native plugins compatible for Editor in 0.27 ms, found 1 plugins.
Preloading 0 native plugins for Editor in 0.00 ms.
Unloading 31 Unused Serialized files (Serialized files now loaded: 0)
Unloading 6404 unused Assets / (5.2 MB). Loaded Objects now: 7572.
Memory consumption went from 182.1 MB to 176.9 MB.
Total: 8.203916 ms (FindLiveObjects: 0.425167 ms CreateObjectMapping: 0.323333 ms MarkObjects: 5.162917 ms  DeleteObjects: 2.292292 ms)

Prepare: number of updated asset objects reloaded= 0
========================================================================
Received Import Request.
  Time since last request: 159.786121 seconds.
  path: Assets/Game Assemblies/Databases/Resources/Friendship.asset
  artifactKey: Guid(59e3a4b76d9974c2296fba8f152f52bb) Importer(815301076,1909f56bfc062723c751e8b465ee728b)
Start importing Assets/Game Assemblies/Databases/Resources/Friendship.asset using Guid(59e3a4b76d9974c2296fba8f152f52bb) Importer(815301076,1909f56bfc062723c751e8b465ee728b) (PreviewImporter) -> (artifact id: 'b6850c94bceaea7dc4d144ecd62a674f') in 0.05092075 seconds
Number of updated asset objects reloaded before import = 0Number of asset objects unloaded after import = 21

========================================================================
Received Import Request.
  Time since last request: 0.000075 seconds.
  path: Assets/Game Assemblies/Databases/Resources/Money.asset
  artifactKey: Guid(a4618650674e74bd78312716a37b0e72) Importer(815301076,1909f56bfc062723c751e8b465ee728b)
Start importing Assets/Game Assemblies/Databases/Resources/Money.asset using Guid(a4618650674e74bd78312716a37b0e72) Importer(815301076,1909f56bfc062723c751e8b465ee728b) (PreviewImporter) -> (artifact id: '1ebcff6aaf176d726e5c49827d2eb0e1') in 0.003039042 seconds
Number of updated asset objects reloaded before import = 0Number of asset objects unloaded after import = 21

========================================================================
Received Import Request.
  Time since last request: 207.770242 seconds.
  path: Assets/Custom Sprites/home.png
  artifactKey: Guid(732800804bb8140088dfefe2e74f6232) Importer(815301076,1909f56bfc062723c751e8b465ee728b)
Start importing Assets/Custom Sprites/home.png using Guid(732800804bb8140088dfefe2e74f6232) Importer(815301076,1909f56bfc062723c751e8b465ee728b) (PreviewImporter) -> (artifact id: '6d53993ac3f3f1f8d2b7d25b19f2501c') in 0.080896416 seconds
Number of updated asset objects reloaded before import = 0Number of asset objects unloaded after import = 2

========================================================================
Received Prepare
Begin MonoManager ReloadAssembly
[Licensing::Client] Successfully resolved entitlement details
Thread 0x16b1e7000 may have been prematurely finalized
- Loaded All Assemblies, in  0.546 seconds
Refreshing native plugins compatible for Editor in 0.18 ms, found 1 plugins.
Native extension for OSXStandalone target not found
[Package Manager] Failed to launch server process. Reason: Unity was launched with the -noUpm command-line argument
[Package Manager] Unable to send message (not connected to server process).
[Package Manager] Cannot connect to Unity Package Manager local server
ScheduleIndexationOnStartup MainProcess:False IndexOnStartup:True
Mono: successfully reloaded assembly
- Finished resetting the current domain, in  0.583 seconds
Domain Reload Profiling: 1133ms
	BeginReloadAssembly (192ms)
		ExecutionOrderSort (0ms)
		DisableScriptedObjects (8ms)
		BackupInstance (0ms)
		ReleaseScriptingObjects (0ms)
		CreateAndSetChildDomain (73ms)
	RebuildCommonClasses (29ms)
	RebuildNativeTypeToScriptingClass (10ms)
	initialDomainReloadingComplete (16ms)
	LoadAllAssembliesAndSetupDomain (302ms)
		LoadAssemblies (191ms)
		RebuildTransferFunctionScriptingTraits (0ms)
		AnalyzeDomain (153ms)
			TypeCache.Refresh (17ms)
				TypeCache.ScanAssembly (0ms)
			BuildScriptInfoCaches (126ms)
			ResolveRequiredComponents (8ms)
	FinalizeReload (584ms)
		ReleaseScriptCaches (0ms)
		RebuildScriptCaches (0ms)
		SetupLoadedEditorAssemblies (477ms)
			LogAssemblyErrors (0ms)
			InitializePlatformSupportModulesInManaged (1ms)
			SetLoadedEditorAssemblies (4ms)
			BeforeProcessingInitializeOnLoad (112ms)
			ProcessInitializeOnLoadAttributes (317ms)
			ProcessInitializeOnLoadMethodAttributes (41ms)
			AfterProcessingInitializeOnLoad (1ms)
			EditorAssembliesLoaded (0ms)
		ExecutionOrderSort2 (0ms)
		AwakeInstancesAfterBackupRestoration (9ms)
WARNING: Shader Unsupported: 'Universal Render Pipeline/VR/SpatialMapping/Wireframe' - All subshaders removed
WARNING: Shader Did you use #pragma only_renderers and omit this platform?
WARNING: Shader If subshaders removal was intentional, you may have forgotten turning Fallback off?
WARNING: Shader Unsupported: 'Universal Render Pipeline/VR/SpatialMapping/Wireframe' - All subshaders removed
WARNING: Shader Did you use #pragma only_renderers and omit this platform?
WARNING: Shader If subshaders removal was intentional, you may have forgotten turning Fallback off?
Refreshing native plugins compatible for Editor in 0.28 ms, found 1 plugins.
Preloading 0 native plugins for Editor in 0.00 ms.
Unloading 31 Unused Serialized files (Serialized files now loaded: 0)
Unloading 6404 unused Assets / (5.5 MB). Loaded Objects now: 7575.
Memory consumption went from 182.0 MB to 176.6 MB.
Total: 8.345000 ms (FindLiveObjects: 0.406750 ms CreateObjectMapping: 0.367708 ms MarkObjects: 5.163792 ms  DeleteObjects: 2.406417 ms)

Prepare: number of updated asset objects reloaded= 0
========================================================================
Received Prepare
Begin MonoManager ReloadAssembly
[Licensing::Client] Successfully resolved entitlement details
Thread 0x16b1e7000 may have been prematurely finalized
- Loaded All Assemblies, in  0.555 seconds
Refreshing native plugins compatible for Editor in 0.21 ms, found 1 plugins.
Native extension for OSXStandalone target not found
[Package Manager] Failed to launch server process. Reason: Unity was launched with the -noUpm command-line argument
[Package Manager] Unable to send message (not connected to server process).
[Package Manager] Cannot connect to Unity Package Manager local server
ScheduleIndexationOnStartup MainProcess:False IndexOnStartup:True
Mono: successfully reloaded assembly
- Finished resetting the current domain, in  0.563 seconds
Domain Reload Profiling: 1120ms
	BeginReloadAssembly (196ms)
		ExecutionOrderSort (0ms)
		DisableScriptedObjects (8ms)
		BackupInstance (0ms)
		ReleaseScriptingObjects (0ms)
		CreateAndSetChildDomain (96ms)
	RebuildCommonClasses (28ms)
	RebuildNativeTypeToScriptingClass (11ms)
	initialDomainReloadingComplete (15ms)
	LoadAllAssembliesAndSetupDomain (307ms)
		LoadAssemblies (194ms)
		RebuildTransferFunctionScriptingTraits (0ms)
		AnalyzeDomain (152ms)
			TypeCache.Refresh (17ms)
				TypeCache.ScanAssembly (0ms)
			BuildScriptInfoCaches (121ms)
			ResolveRequiredComponents (7ms)
	FinalizeReload (563ms)
		ReleaseScriptCaches (0ms)
		RebuildScriptCaches (0ms)
		SetupLoadedEditorAssemblies (467ms)
			LogAssemblyErrors (0ms)
			InitializePlatformSupportModulesInManaged (1ms)
			SetLoadedEditorAssemblies (4ms)
			BeforeProcessingInitializeOnLoad (113ms)
			ProcessInitializeOnLoadAttributes (311ms)
			ProcessInitializeOnLoadMethodAttributes (38ms)
			AfterProcessingInitializeOnLoad (1ms)
			EditorAssembliesLoaded (0ms)
		ExecutionOrderSort2 (0ms)
		AwakeInstancesAfterBackupRestoration (7ms)
WARNING: Shader Unsupported: 'Universal Render Pipeline/VR/SpatialMapping/Wireframe' - All subshaders removed
WARNING: Shader Did you use #pragma only_renderers and omit this platform?
WARNING: Shader If subshaders removal was intentional, you may have forgotten turning Fallback off?
WARNING: Shader Unsupported: 'Universal Render Pipeline/VR/SpatialMapping/Wireframe' - All subshaders removed
WARNING: Shader Did you use #pragma only_renderers and omit this platform?
WARNING: Shader If subshaders removal was intentional, you may have forgotten turning Fallback off?
Refreshing native plugins compatible for Editor in 0.27 ms, found 1 plugins.
Preloading 0 native plugins for Editor in 0.00 ms.
Unloading 31 Unused Serialized files (Serialized files now loaded: 0)
Unloading 6404 unused Assets / (5.4 MB). Loaded Objects now: 7578.
Memory consumption went from 181.9 MB to 176.5 MB.
Total: 8.505791 ms (FindLiveObjects: 0.510708 ms CreateObjectMapping: 0.293709 ms MarkObjects: 5.249500 ms  DeleteObjects: 2.451791 ms)

Prepare: number of updated asset objects reloaded= 0
========================================================================
Received Prepare
Begin MonoManager ReloadAssembly
[Licensing::Client] Successfully resolved entitlement details
Thread 0x16b1e7000 may have been prematurely finalized
- Loaded All Assemblies, in  0.529 seconds
Refreshing native plugins compatible for Editor in 0.23 ms, found 1 plugins.
Native extension for OSXStandalone target not found
[Package Manager] Failed to launch server process. Reason: Unity was launched with the -noUpm command-line argument
[Package Manager] Unable to send message (not connected to server process).
[Package Manager] Cannot connect to Unity Package Manager local server
ScheduleIndexationOnStartup MainProcess:False IndexOnStartup:True
Mono: successfully reloaded assembly
- Finished resetting the current domain, in  0.572 seconds
Domain Reload Profiling: 1104ms
	BeginReloadAssembly (172ms)
		ExecutionOrderSort (0ms)
		DisableScriptedObjects (10ms)
		BackupInstance (0ms)
		ReleaseScriptingObjects (0ms)
		CreateAndSetChildDomain (67ms)
	RebuildCommonClasses (28ms)
	RebuildNativeTypeToScriptingClass (11ms)
	initialDomainReloadingComplete (16ms)
	LoadAllAssembliesAndSetupDomain (304ms)
		LoadAssemblies (191ms)
		RebuildTransferFunctionScriptingTraits (0ms)
		AnalyzeDomain (150ms)
			TypeCache.Refresh (9ms)
				TypeCache.ScanAssembly (0ms)
			BuildScriptInfoCaches (129ms)
			ResolveRequiredComponents (8ms)
	FinalizeReload (572ms)
		ReleaseScriptCaches (0ms)
		RebuildScriptCaches (0ms)
		SetupLoadedEditorAssemblies (468ms)
			LogAssemblyErrors (0ms)
			InitializePlatformSupportModulesInManaged (1ms)
			SetLoadedEditorAssemblies (4ms)
			BeforeProcessingInitializeOnLoad (114ms)
			ProcessInitializeOnLoadAttributes (306ms)
			ProcessInitializeOnLoadMethodAttributes (42ms)
			AfterProcessingInitializeOnLoad (1ms)
			EditorAssembliesLoaded (0ms)
		ExecutionOrderSort2 (0ms)
		AwakeInstancesAfterBackupRestoration (7ms)
WARNING: Shader Unsupported: 'Universal Render Pipeline/VR/SpatialMapping/Wireframe' - All subshaders removed
WARNING: Shader Did you use #pragma only_renderers and omit this platform?
WARNING: Shader If subshaders removal was intentional, you may have forgotten turning Fallback off?
WARNING: Shader Unsupported: 'Universal Render Pipeline/VR/SpatialMapping/Wireframe' - All subshaders removed
WARNING: Shader Did you use #pragma only_renderers and omit this platform?
WARNING: Shader If subshaders removal was intentional, you may have forgotten turning Fallback off?
Refreshing native plugins compatible for Editor in 0.45 ms, found 1 plugins.
Preloading 0 native plugins for Editor in 0.00 ms.
Unloading 31 Unused Serialized files (Serialized files now loaded: 0)
Unloading 6404 unused Assets / (5.2 MB). Loaded Objects now: 7581.
Memory consumption went from 182.0 MB to 176.8 MB.
Total: 9.659333 ms (FindLiveObjects: 0.467041 ms CreateObjectMapping: 0.369792 ms MarkObjects: 6.430917 ms  DeleteObjects: 2.391459 ms)

Prepare: number of updated asset objects reloaded= 0
========================================================================
Received Prepare
Begin MonoManager ReloadAssembly
[Licensing::Client] Successfully resolved entitlement details
Thread 0x16b1e7000 may have been prematurely finalized
- Loaded All Assemblies, in  0.530 seconds
Refreshing native plugins compatible for Editor in 0.18 ms, found 1 plugins.
Native extension for OSXStandalone target not found
[Package Manager] Failed to launch server process. Reason: Unity was launched with the -noUpm command-line argument
[Package Manager] Unable to send message (not connected to server process).
[Package Manager] Cannot connect to Unity Package Manager local server
ScheduleIndexationOnStartup MainProcess:False IndexOnStartup:True
Mono: successfully reloaded assembly
- Finished resetting the current domain, in  0.566 seconds
Domain Reload Profiling: 1100ms
	BeginReloadAssembly (178ms)
		ExecutionOrderSort (0ms)
		DisableScriptedObjects (12ms)
		BackupInstance (0ms)
		ReleaseScriptingObjects (1ms)
		CreateAndSetChildDomain (72ms)
	RebuildCommonClasses (29ms)
	RebuildNativeTypeToScriptingClass (11ms)
	initialDomainReloadingComplete (18ms)
	LoadAllAssembliesAndSetupDomain (296ms)
		LoadAssemblies (190ms)
		RebuildTransferFunctionScriptingTraits (0ms)
		AnalyzeDomain (144ms)
			TypeCache.Refresh (9ms)
				TypeCache.ScanAssembly (0ms)
			BuildScriptInfoCaches (121ms)
			ResolveRequiredComponents (8ms)
	FinalizeReload (566ms)
		ReleaseScriptCaches (0ms)
		RebuildScriptCaches (0ms)
		SetupLoadedEditorAssemblies (460ms)
			LogAssemblyErrors (0ms)
			InitializePlatformSupportModulesInManaged (1ms)
			SetLoadedEditorAssemblies (5ms)
			BeforeProcessingInitializeOnLoad (119ms)
			ProcessInitializeOnLoadAttributes (292ms)
			ProcessInitializeOnLoadMethodAttributes (42ms)
			AfterProcessingInitializeOnLoad (1ms)
			EditorAssembliesLoaded (0ms)
		ExecutionOrderSort2 (0ms)
		AwakeInstancesAfterBackupRestoration (9ms)
WARNING: Shader Unsupported: 'Universal Render Pipeline/VR/SpatialMapping/Wireframe' - All subshaders removed
WARNING: Shader Did you use #pragma only_renderers and omit this platform?
WARNING: Shader If subshaders removal was intentional, you may have forgotten turning Fallback off?
WARNING: Shader Unsupported: 'Universal Render Pipeline/VR/SpatialMapping/Wireframe' - All subshaders removed
WARNING: Shader Did you use #pragma only_renderers and omit this platform?
WARNING: Shader If subshaders removal was intentional, you may have forgotten turning Fallback off?
Refreshing native plugins compatible for Editor in 0.34 ms, found 1 plugins.
Preloading 0 native plugins for Editor in 0.00 ms.
Unloading 31 Unused Serialized files (Serialized files now loaded: 0)
Unloading 6404 unused Assets / (5.6 MB). Loaded Objects now: 7584.
Memory consumption went from 182.0 MB to 176.4 MB.
Total: 8.776292 ms (FindLiveObjects: 0.413958 ms CreateObjectMapping: 0.289334 ms MarkObjects: 5.370666 ms  DeleteObjects: 2.702042 ms)

Prepare: number of updated asset objects reloaded= 0
========================================================================
Received Prepare
Begin MonoManager ReloadAssembly
[Licensing::Client] Successfully resolved entitlement details
Thread 0x16b1e7000 may have been prematurely finalized
- Loaded All Assemblies, in  0.550 seconds
Refreshing native plugins compatible for Editor in 0.19 ms, found 1 plugins.
Native extension for OSXStandalone target not found
[Package Manager] Failed to launch server process. Reason: Unity was launched with the -noUpm command-line argument
[Package Manager] Unable to send message (not connected to server process).
[Package Manager] Cannot connect to Unity Package Manager local server
ScheduleIndexationOnStartup MainProcess:False IndexOnStartup:True
Mono: successfully reloaded assembly
- Finished resetting the current domain, in  0.575 seconds
Domain Reload Profiling: 1129ms
	BeginReloadAssembly (182ms)
		ExecutionOrderSort (0ms)
		DisableScriptedObjects (8ms)
		BackupInstance (0ms)
		ReleaseScriptingObjects (0ms)
		CreateAndSetChildDomain (74ms)
	RebuildCommonClasses (29ms)
	RebuildNativeTypeToScriptingClass (10ms)
	initialDomainReloadingComplete (19ms)
	LoadAllAssembliesAndSetupDomain (312ms)
		LoadAssemblies (209ms)
		RebuildTransferFunctionScriptingTraits (0ms)
		AnalyzeDomain (146ms)
			TypeCache.Refresh (10ms)
				TypeCache.ScanAssembly (0ms)
			BuildScriptInfoCaches (125ms)
			ResolveRequiredComponents (8ms)
	FinalizeReload (575ms)
		ReleaseScriptCaches (0ms)
		RebuildScriptCaches (0ms)
		SetupLoadedEditorAssemblies (469ms)
			LogAssemblyErrors (0ms)
			InitializePlatformSupportModulesInManaged (1ms)
			SetLoadedEditorAssemblies (4ms)
			BeforeProcessingInitializeOnLoad (116ms)
			ProcessInitializeOnLoadAttributes (299ms)
			ProcessInitializeOnLoadMethodAttributes (48ms)
			AfterProcessingInitializeOnLoad (1ms)
			EditorAssembliesLoaded (0ms)
		ExecutionOrderSort2 (0ms)
		AwakeInstancesAfterBackupRestoration (8ms)
WARNING: Shader Unsupported: 'Universal Render Pipeline/VR/SpatialMapping/Wireframe' - All subshaders removed
WARNING: Shader Did you use #pragma only_renderers and omit this platform?
WARNING: Shader If subshaders removal was intentional, you may have forgotten turning Fallback off?
WARNING: Shader Unsupported: 'Universal Render Pipeline/VR/SpatialMapping/Wireframe' - All subshaders removed
WARNING: Shader Did you use #pragma only_renderers and omit this platform?
WARNING: Shader If subshaders removal was intentional, you may have forgotten turning Fallback off?
Refreshing native plugins compatible for Editor in 0.32 ms, found 1 plugins.
Preloading 0 native plugins for Editor in 0.00 ms.
Unloading 31 Unused Serialized files (Serialized files now loaded: 0)
Unloading 6404 unused Assets / (5.2 MB). Loaded Objects now: 7587.
Memory consumption went from 182.1 MB to 176.9 MB.
Total: 8.662292 ms (FindLiveObjects: 0.419416 ms CreateObjectMapping: 0.269959 ms MarkObjects: 5.439542 ms  DeleteObjects: 2.533250 ms)

Prepare: number of updated asset objects reloaded= 0
========================================================================
Received Prepare
Begin MonoManager ReloadAssembly
[Licensing::Client] Successfully resolved entitlement details
Thread 0x16b1e7000 may have been prematurely finalized
- Loaded All Assemblies, in  0.586 seconds
Refreshing native plugins compatible for Editor in 0.22 ms, found 1 plugins.
Native extension for OSXStandalone target not found
[Package Manager] Failed to launch server process. Reason: Unity was launched with the -noUpm command-line argument
[Package Manager] Unable to send message (not connected to server process).
[Package Manager] Cannot connect to Unity Package Manager local server
ScheduleIndexationOnStartup MainProcess:False IndexOnStartup:True
Mono: successfully reloaded assembly
- Finished resetting the current domain, in  0.552 seconds
Domain Reload Profiling: 1140ms
	BeginReloadAssembly (223ms)
		ExecutionOrderSort (0ms)
		DisableScriptedObjects (6ms)
		BackupInstance (0ms)
		ReleaseScriptingObjects (0ms)
		CreateAndSetChildDomain (119ms)
	RebuildCommonClasses (29ms)
	RebuildNativeTypeToScriptingClass (10ms)
	initialDomainReloadingComplete (17ms)
	LoadAllAssembliesAndSetupDomain (310ms)
		LoadAssemblies (206ms)
		RebuildTransferFunctionScriptingTraits (0ms)
		AnalyzeDomain (144ms)
			TypeCache.Refresh (11ms)
				TypeCache.ScanAssembly (0ms)
			BuildScriptInfoCaches (122ms)
			ResolveRequiredComponents (8ms)
	FinalizeReload (552ms)
		ReleaseScriptCaches (0ms)
		RebuildScriptCaches (0ms)
		SetupLoadedEditorAssemblies (452ms)
			LogAssemblyErrors (0ms)
			InitializePlatformSupportModulesInManaged (1ms)
			SetLoadedEditorAssemblies (5ms)
			BeforeProcessingInitializeOnLoad (112ms)
			ProcessInitializeOnLoadAttributes (290ms)
			ProcessInitializeOnLoadMethodAttributes (42ms)
			AfterProcessingInitializeOnLoad (1ms)
			EditorAssembliesLoaded (0ms)
		ExecutionOrderSort2 (0ms)
		AwakeInstancesAfterBackupRestoration (8ms)
WARNING: Shader Unsupported: 'Universal Render Pipeline/VR/SpatialMapping/Wireframe' - All subshaders removed
WARNING: Shader Did you use #pragma only_renderers and omit this platform?
WARNING: Shader If subshaders removal was intentional, you may have forgotten turning Fallback off?
WARNING: Shader Unsupported: 'Universal Render Pipeline/VR/SpatialMapping/Wireframe' - All subshaders removed
WARNING: Shader Did you use #pragma only_renderers and omit this platform?
WARNING: Shader If subshaders removal was intentional, you may have forgotten turning Fallback off?
Refreshing native plugins compatible for Editor in 0.30 ms, found 1 plugins.
Preloading 0 native plugins for Editor in 0.00 ms.
Unloading 31 Unused Serialized files (Serialized files now loaded: 0)
Unloading 6404 unused Assets / (5.2 MB). Loaded Objects now: 7590.
Memory consumption went from 182.1 MB to 176.9 MB.
Total: 8.171792 ms (FindLiveObjects: 0.422750 ms CreateObjectMapping: 0.269667 ms MarkObjects: 5.172958 ms  DeleteObjects: 2.306292 ms)

Prepare: number of updated asset objects reloaded= 0
========================================================================
Received Prepare
Begin MonoManager ReloadAssembly
[Licensing::Client] Successfully resolved entitlement details
Thread 0x16ba47000 may have been prematurely finalized
- Loaded All Assemblies, in  0.510 seconds
Refreshing native plugins compatible for Editor in 0.22 ms, found 1 plugins.
Native extension for OSXStandalone target not found
[Package Manager] Failed to launch server process. Reason: Unity was launched with the -noUpm command-line argument
[Package Manager] Unable to send message (not connected to server process).
[Package Manager] Cannot connect to Unity Package Manager local server
ScheduleIndexationOnStartup MainProcess:False IndexOnStartup:True
Mono: successfully reloaded assembly
- Finished resetting the current domain, in  0.589 seconds
Domain Reload Profiling: 1103ms
	BeginReloadAssembly (180ms)
		ExecutionOrderSort (0ms)
		DisableScriptedObjects (13ms)
		BackupInstance (0ms)
		ReleaseScriptingObjects (0ms)
		CreateAndSetChildDomain (76ms)
	RebuildCommonClasses (29ms)
	RebuildNativeTypeToScriptingClass (10ms)
	initialDomainReloadingComplete (15ms)
	LoadAllAssembliesAndSetupDomain (280ms)
		LoadAssemblies (170ms)
		RebuildTransferFunctionScriptingTraits (0ms)
		AnalyzeDomain (145ms)
			TypeCache.Refresh (8ms)
				TypeCache.ScanAssembly (0ms)
			BuildScriptInfoCaches (126ms)
			ResolveRequiredComponents (8ms)
	FinalizeReload (589ms)
		ReleaseScriptCaches (0ms)
		RebuildScriptCaches (0ms)
		SetupLoadedEditorAssemblies (485ms)
			LogAssemblyErrors (0ms)
			InitializePlatformSupportModulesInManaged (1ms)
			SetLoadedEditorAssemblies (4ms)
			BeforeProcessingInitializeOnLoad (105ms)
			ProcessInitializeOnLoadAttributes (331ms)
			ProcessInitializeOnLoadMethodAttributes (43ms)
			AfterProcessingInitializeOnLoad (1ms)
			EditorAssembliesLoaded (0ms)
		ExecutionOrderSort2 (0ms)
		AwakeInstancesAfterBackupRestoration (8ms)
WARNING: Shader Unsupported: 'Universal Render Pipeline/VR/SpatialMapping/Wireframe' - All subshaders removed
WARNING: Shader Did you use #pragma only_renderers and omit this platform?
WARNING: Shader If subshaders removal was intentional, you may have forgotten turning Fallback off?
WARNING: Shader Unsupported: 'Universal Render Pipeline/VR/SpatialMapping/Wireframe' - All subshaders removed
WARNING: Shader Did you use #pragma only_renderers and omit this platform?
WARNING: Shader If subshaders removal was intentional, you may have forgotten turning Fallback off?
Refreshing native plugins compatible for Editor in 0.38 ms, found 1 plugins.
Preloading 0 native plugins for Editor in 0.00 ms.
Unloading 31 Unused Serialized files (Serialized files now loaded: 0)
Unloading 6404 unused Assets / (5.3 MB). Loaded Objects now: 7593.
Memory consumption went from 182.1 MB to 176.8 MB.
Total: 8.459000 ms (FindLiveObjects: 0.347000 ms CreateObjectMapping: 0.374083 ms MarkObjects: 5.281292 ms  DeleteObjects: 2.456416 ms)

Prepare: number of updated asset objects reloaded= 0
========================================================================
Received Prepare
Begin MonoManager ReloadAssembly
Thread 0x16ba47000 may have been prematurely finalized
- Loaded All Assemblies, in  0.541 seconds
Refreshing native plugins compatible for Editor in 0.21 ms, found 1 plugins.
Native extension for OSXStandalone target not found
[Package Manager] Failed to launch server process. Reason: Unity was launched with the -noUpm command-line argument
[Package Manager] Unable to send message (not connected to server process).
[Package Manager] Cannot connect to Unity Package Manager local server
ScheduleIndexationOnStartup MainProcess:False IndexOnStartup:True
Mono: successfully reloaded assembly
- Finished resetting the current domain, in  0.559 seconds
Domain Reload Profiling: 1102ms
	BeginReloadAssembly (173ms)
		ExecutionOrderSort (0ms)
		DisableScriptedObjects (8ms)
		BackupInstance (0ms)
		ReleaseScriptingObjects (0ms)
		CreateAndSetChildDomain (74ms)
	RebuildCommonClasses (27ms)
	RebuildNativeTypeToScriptingClass (10ms)
	initialDomainReloadingComplete (18ms)
	LoadAllAssembliesAndSetupDomain (316ms)
		LoadAssemblies (215ms)
		RebuildTransferFunctionScriptingTraits (0ms)
		AnalyzeDomain (139ms)
			TypeCache.Refresh (9ms)
				TypeCache.ScanAssembly (0ms)
			BuildScriptInfoCaches (120ms)
			ResolveRequiredComponents (8ms)
	FinalizeReload (559ms)
		ReleaseScriptCaches (0ms)
		RebuildScriptCaches (0ms)
		SetupLoadedEditorAssemblies (460ms)
			LogAssemblyErrors (0ms)
			InitializePlatformSupportModulesInManaged (1ms)
			SetLoadedEditorAssemblies (4ms)
			BeforeProcessingInitializeOnLoad (129ms)
			ProcessInitializeOnLoadAttributes (285ms)
			ProcessInitializeOnLoadMethodAttributes (40ms)
			AfterProcessingInitializeOnLoad (1ms)
			EditorAssembliesLoaded (0ms)
		ExecutionOrderSort2 (0ms)
		AwakeInstancesAfterBackupRestoration (8ms)
WARNING: Shader Unsupported: 'Universal Render Pipeline/VR/SpatialMapping/Wireframe' - All subshaders removed
WARNING: Shader Did you use #pragma only_renderers and omit this platform?
WARNING: Shader If subshaders removal was intentional, you may have forgotten turning Fallback off?
WARNING: Shader Unsupported: 'Universal Render Pipeline/VR/SpatialMapping/Wireframe' - All subshaders removed
WARNING: Shader Did you use #pragma only_renderers and omit this platform?
WARNING: Shader If subshaders removal was intentional, you may have forgotten turning Fallback off?
Refreshing native plugins compatible for Editor in 0.31 ms, found 1 plugins.
Preloading 0 native plugins for Editor in 0.00 ms.
Unloading 31 Unused Serialized files (Serialized files now loaded: 0)
Unloading 6404 unused Assets / (5.4 MB). Loaded Objects now: 7596.
Memory consumption went from 182.2 MB to 176.9 MB.
Total: 8.766875 ms (FindLiveObjects: 0.440000 ms CreateObjectMapping: 0.470000 ms MarkObjects: 5.330166 ms  DeleteObjects: 2.526500 ms)

Prepare: number of updated asset objects reloaded= 0
========================================================================
Received Prepare
Begin MonoManager ReloadAssembly
[Licensing::Client] Successfully resolved entitlement details
Thread 0x16ba47000 may have been prematurely finalized
- Loaded All Assemblies, in  0.560 seconds
Refreshing native plugins compatible for Editor in 0.18 ms, found 1 plugins.
Native extension for OSXStandalone target not found
[Package Manager] Failed to launch server process. Reason: Unity was launched with the -noUpm command-line argument
[Package Manager] Unable to send message (not connected to server process).
[Package Manager] Cannot connect to Unity Package Manager local server
ScheduleIndexationOnStartup MainProcess:False IndexOnStartup:True
Mono: successfully reloaded assembly
- Finished resetting the current domain, in  0.555 seconds
Domain Reload Profiling: 1118ms
	BeginReloadAssembly (184ms)
		ExecutionOrderSort (0ms)
		DisableScriptedObjects (7ms)
		BackupInstance (0ms)
		ReleaseScriptingObjects (0ms)
		CreateAndSetChildDomain (69ms)
	RebuildCommonClasses (29ms)
	RebuildNativeTypeToScriptingClass (10ms)
	initialDomainReloadingComplete (14ms)
	LoadAllAssembliesAndSetupDomain (325ms)
		LoadAssemblies (222ms)
		RebuildTransferFunctionScriptingTraits (0ms)
		AnalyzeDomain (143ms)
			TypeCache.Refresh (10ms)
				TypeCache.ScanAssembly (0ms)
			BuildScriptInfoCaches (122ms)
			ResolveRequiredComponents (7ms)
	FinalizeReload (556ms)
		ReleaseScriptCaches (0ms)
		RebuildScriptCaches (0ms)
		SetupLoadedEditorAssemblies (456ms)
			LogAssemblyErrors (0ms)
			InitializePlatformSupportModulesInManaged (1ms)
			SetLoadedEditorAssemblies (4ms)
			BeforeProcessingInitializeOnLoad (107ms)
			ProcessInitializeOnLoadAttributes (302ms)
			ProcessInitializeOnLoadMethodAttributes (42ms)
			AfterProcessingInitializeOnLoad (1ms)
			EditorAssembliesLoaded (0ms)
		ExecutionOrderSort2 (0ms)
		AwakeInstancesAfterBackupRestoration (8ms)
WARNING: Shader Unsupported: 'Universal Render Pipeline/VR/SpatialMapping/Wireframe' - All subshaders removed
WARNING: Shader Did you use #pragma only_renderers and omit this platform?
WARNING: Shader If subshaders removal was intentional, you may have forgotten turning Fallback off?
WARNING: Shader Unsupported: 'Universal Render Pipeline/VR/SpatialMapping/Wireframe' - All subshaders removed
WARNING: Shader Did you use #pragma only_renderers and omit this platform?
WARNING: Shader If subshaders removal was intentional, you may have forgotten turning Fallback off?
Refreshing native plugins compatible for Editor in 0.30 ms, found 1 plugins.
Preloading 0 native plugins for Editor in 0.00 ms.
Unloading 31 Unused Serialized files (Serialized files now loaded: 0)
Unloading 6404 unused Assets / (5.2 MB). Loaded Objects now: 7599.
Memory consumption went from 182.3 MB to 177.1 MB.
Total: 8.482417 ms (FindLiveObjects: 0.431833 ms CreateObjectMapping: 0.448375 ms MarkObjects: 5.299333 ms  DeleteObjects: 2.302625 ms)

Prepare: number of updated asset objects reloaded= 0
========================================================================
Received Prepare
Begin MonoManager ReloadAssembly
Thread 0x16ba47000 may have been prematurely finalized
- Loaded All Assemblies, in  0.564 seconds
Refreshing native plugins compatible for Editor in 0.20 ms, found 1 plugins.
Native extension for OSXStandalone target not found
[Package Manager] Failed to launch server process. Reason: Unity was launched with the -noUpm command-line argument
[Package Manager] Unable to send message (not connected to server process).
[Package Manager] Cannot connect to Unity Package Manager local server
ScheduleIndexationOnStartup MainProcess:False IndexOnStartup:True
Mono: successfully reloaded assembly
- Finished resetting the current domain, in  0.577 seconds
Domain Reload Profiling: 1143ms
	BeginReloadAssembly (180ms)
		ExecutionOrderSort (0ms)
		DisableScriptedObjects (8ms)
		BackupInstance (0ms)
		ReleaseScriptingObjects (0ms)
		CreateAndSetChildDomain (73ms)
	RebuildCommonClasses (29ms)
	RebuildNativeTypeToScriptingClass (11ms)
	initialDomainReloadingComplete (21ms)
	LoadAllAssembliesAndSetupDomain (326ms)
		LoadAssemblies (217ms)
		RebuildTransferFunctionScriptingTraits (0ms)
		AnalyzeDomain (151ms)
			TypeCache.Refresh (10ms)
				TypeCache.ScanAssembly (0ms)
			BuildScriptInfoCaches (130ms)
			ResolveRequiredComponents (8ms)
	FinalizeReload (577ms)
		ReleaseScriptCaches (0ms)
		RebuildScriptCaches (0ms)
		SetupLoadedEditorAssemblies (470ms)
			LogAssemblyErrors (0ms)
			InitializePlatformSupportModulesInManaged (1ms)
			SetLoadedEditorAssemblies (4ms)
			BeforeProcessingInitializeOnLoad (107ms)
			ProcessInitializeOnLoadAttributes (310ms)
			ProcessInitializeOnLoadMethodAttributes (46ms)
			AfterProcessingInitializeOnLoad (1ms)
			EditorAssembliesLoaded (0ms)
		ExecutionOrderSort2 (0ms)
		AwakeInstancesAfterBackupRestoration (8ms)
WARNING: Shader Unsupported: 'Universal Render Pipeline/VR/SpatialMapping/Wireframe' - All subshaders removed
WARNING: Shader Did you use #pragma only_renderers and omit this platform?
WARNING: Shader If subshaders removal was intentional, you may have forgotten turning Fallback off?
WARNING: Shader Unsupported: 'Universal Render Pipeline/VR/SpatialMapping/Wireframe' - All subshaders removed
WARNING: Shader Did you use #pragma only_renderers and omit this platform?
WARNING: Shader If subshaders removal was intentional, you may have forgotten turning Fallback off?
Refreshing native plugins compatible for Editor in 0.34 ms, found 1 plugins.
Preloading 0 native plugins for Editor in 0.00 ms.
Unloading 31 Unused Serialized files (Serialized files now loaded: 0)
Unloading 6404 unused Assets / (5.3 MB). Loaded Objects now: 7602.
Memory consumption went from 182.3 MB to 177.0 MB.
Total: 8.433334 ms (FindLiveObjects: 0.409041 ms CreateObjectMapping: 0.271333 ms MarkObjects: 5.233875 ms  DeleteObjects: 2.518750 ms)

Prepare: number of updated asset objects reloaded= 0
========================================================================
Received Prepare
Begin MonoManager ReloadAssembly
[Licensing::Client] Successfully resolved entitlement details
Thread 0x16ba47000 may have been prematurely finalized
- Loaded All Assemblies, in  0.565 seconds
Refreshing native plugins compatible for Editor in 0.22 ms, found 1 plugins.
Native extension for OSXStandalone target not found
[Package Manager] Failed to launch server process. Reason: Unity was launched with the -noUpm command-line argument
[Package Manager] Unable to send message (not connected to server process).
[Package Manager] Cannot connect to Unity Package Manager local server
ScheduleIndexationOnStartup MainProcess:False IndexOnStartup:True
Mono: successfully reloaded assembly
- Finished resetting the current domain, in  0.576 seconds
Domain Reload Profiling: 1143ms
	BeginReloadAssembly (185ms)
		ExecutionOrderSort (0ms)
		DisableScriptedObjects (10ms)
		BackupInstance (0ms)
		ReleaseScriptingObjects (0ms)
		CreateAndSetChildDomain (75ms)
	RebuildCommonClasses (29ms)
	RebuildNativeTypeToScriptingClass (11ms)
	initialDomainReloadingComplete (17ms)
	LoadAllAssembliesAndSetupDomain (325ms)
		LoadAssemblies (221ms)
		RebuildTransferFunctionScriptingTraits (0ms)
		AnalyzeDomain (144ms)
			TypeCache.Refresh (15ms)
				TypeCache.ScanAssembly (0ms)
			BuildScriptInfoCaches (119ms)
			ResolveRequiredComponents (7ms)
	FinalizeReload (576ms)
		ReleaseScriptCaches (0ms)
		RebuildScriptCaches (0ms)
		SetupLoadedEditorAssemblies (474ms)
			LogAssemblyErrors (0ms)
			InitializePlatformSupportModulesInManaged (1ms)
			SetLoadedEditorAssemblies (4ms)
			BeforeProcessingInitializeOnLoad (127ms)
			ProcessInitializeOnLoadAttributes (300ms)
			ProcessInitializeOnLoadMethodAttributes (40ms)
			AfterProcessingInitializeOnLoad (1ms)
			EditorAssembliesLoaded (0ms)
		ExecutionOrderSort2 (0ms)
		AwakeInstancesAfterBackupRestoration (9ms)
WARNING: Shader Unsupported: 'Universal Render Pipeline/VR/SpatialMapping/Wireframe' - All subshaders removed
WARNING: Shader Did you use #pragma only_renderers and omit this platform?
WARNING: Shader If subshaders removal was intentional, you may have forgotten turning Fallback off?
WARNING: Shader Unsupported: 'Universal Render Pipeline/VR/SpatialMapping/Wireframe' - All subshaders removed
WARNING: Shader Did you use #pragma only_renderers and omit this platform?
WARNING: Shader If subshaders removal was intentional, you may have forgotten turning Fallback off?
Refreshing native plugins compatible for Editor in 0.39 ms, found 1 plugins.
Preloading 0 native plugins for Editor in 0.00 ms.
Unloading 31 Unused Serialized files (Serialized files now loaded: 0)
Unloading 6404 unused Assets / (5.3 MB). Loaded Objects now: 7605.
Memory consumption went from 182.4 MB to 177.0 MB.
Total: 8.692625 ms (FindLiveObjects: 0.484834 ms CreateObjectMapping: 0.329917 ms MarkObjects: 5.551833 ms  DeleteObjects: 2.325917 ms)

Prepare: number of updated asset objects reloaded= 0
========================================================================
Received Prepare
Begin MonoManager ReloadAssembly
Thread 0x16ba47000 may have been prematurely finalized
- Loaded All Assemblies, in  0.514 seconds
Refreshing native plugins compatible for Editor in 0.28 ms, found 1 plugins.
Native extension for OSXStandalone target not found
[Package Manager] Failed to launch server process. Reason: Unity was launched with the -noUpm command-line argument
[Package Manager] Unable to send message (not connected to server process).
[Package Manager] Cannot connect to Unity Package Manager local server
ScheduleIndexationOnStartup MainProcess:False IndexOnStartup:True
Mono: successfully reloaded assembly
- Finished resetting the current domain, in  0.549 seconds
Domain Reload Profiling: 1067ms
	BeginReloadAssembly (175ms)
		ExecutionOrderSort (0ms)
		DisableScriptedObjects (7ms)
		BackupInstance (0ms)
		ReleaseScriptingObjects (0ms)
		CreateAndSetChildDomain (79ms)
	RebuildCommonClasses (27ms)
	RebuildNativeTypeToScriptingClass (10ms)
	initialDomainReloadingComplete (16ms)
	LoadAllAssembliesAndSetupDomain (289ms)
		LoadAssemblies (184ms)
		RebuildTransferFunctionScriptingTraits (0ms)
		AnalyzeDomain (142ms)
			TypeCache.Refresh (11ms)
				TypeCache.ScanAssembly (0ms)
			BuildScriptInfoCaches (120ms)
			ResolveRequiredComponents (8ms)
	FinalizeReload (550ms)
		ReleaseScriptCaches (0ms)
		RebuildScriptCaches (0ms)
		SetupLoadedEditorAssemblies (451ms)
			LogAssemblyErrors (0ms)
			InitializePlatformSupportModulesInManaged (1ms)
			SetLoadedEditorAssemblies (4ms)
			BeforeProcessingInitializeOnLoad (105ms)
			ProcessInitializeOnLoadAttributes (301ms)
			ProcessInitializeOnLoadMethodAttributes (40ms)
			AfterProcessingInitializeOnLoad (1ms)
			EditorAssembliesLoaded (0ms)
		ExecutionOrderSort2 (0ms)
		AwakeInstancesAfterBackupRestoration (8ms)
WARNING: Shader Unsupported: 'Universal Render Pipeline/VR/SpatialMapping/Wireframe' - All subshaders removed
WARNING: Shader Did you use #pragma only_renderers and omit this platform?
WARNING: Shader If subshaders removal was intentional, you may have forgotten turning Fallback off?
WARNING: Shader Unsupported: 'Universal Render Pipeline/VR/SpatialMapping/Wireframe' - All subshaders removed
WARNING: Shader Did you use #pragma only_renderers and omit this platform?
WARNING: Shader If subshaders removal was intentional, you may have forgotten turning Fallback off?
Refreshing native plugins compatible for Editor in 0.29 ms, found 1 plugins.
Preloading 0 native plugins for Editor in 0.00 ms.
Unloading 31 Unused Serialized files (Serialized files now loaded: 0)
Unloading 6404 unused Assets / (5.2 MB). Loaded Objects now: 7608.
Memory consumption went from 182.3 MB to 177.1 MB.
Total: 8.219917 ms (FindLiveObjects: 0.431000 ms CreateObjectMapping: 0.265459 ms MarkObjects: 5.270791 ms  DeleteObjects: 2.252417 ms)

Prepare: number of updated asset objects reloaded= 0
========================================================================
Received Prepare
Begin MonoManager ReloadAssembly
Thread 0x16b5bb000 may have been prematurely finalized
- Loaded All Assemblies, in  0.520 seconds
Refreshing native plugins compatible for Editor in 0.27 ms, found 1 plugins.
Native extension for OSXStandalone target not found
[Package Manager] Failed to launch server process. Reason: Unity was launched with the -noUpm command-line argument
[Package Manager] Unable to send message (not connected to server process).
[Package Manager] Cannot connect to Unity Package Manager local server
ScheduleIndexationOnStartup MainProcess:False IndexOnStartup:True
Mono: successfully reloaded assembly
- Finished resetting the current domain, in  0.550 seconds
Domain Reload Profiling: 1073ms
	BeginReloadAssembly (175ms)
		ExecutionOrderSort (0ms)
		DisableScriptedObjects (8ms)
		BackupInstance (0ms)
		ReleaseScriptingObjects (0ms)
		CreateAndSetChildDomain (69ms)
	RebuildCommonClasses (26ms)
	RebuildNativeTypeToScriptingClass (10ms)
	initialDomainReloadingComplete (14ms)
	LoadAllAssembliesAndSetupDomain (298ms)
		LoadAssemblies (202ms)
		RebuildTransferFunctionScriptingTraits (0ms)
		AnalyzeDomain (134ms)
			TypeCache.Refresh (8ms)
				TypeCache.ScanAssembly (0ms)
			BuildScriptInfoCaches (116ms)
			ResolveRequiredComponents (7ms)
	FinalizeReload (550ms)
		ReleaseScriptCaches (0ms)
		RebuildScriptCaches (0ms)
		SetupLoadedEditorAssemblies (450ms)
			LogAssemblyErrors (0ms)
			InitializePlatformSupportModulesInManaged (1ms)
			SetLoadedEditorAssemblies (3ms)
			BeforeProcessingInitializeOnLoad (111ms)
			ProcessInitializeOnLoadAttributes (292ms)
			ProcessInitializeOnLoadMethodAttributes (42ms)
			AfterProcessingInitializeOnLoad (1ms)
			EditorAssembliesLoaded (0ms)
		ExecutionOrderSort2 (0ms)
		AwakeInstancesAfterBackupRestoration (8ms)
WARNING: Shader Unsupported: 'Universal Render Pipeline/VR/SpatialMapping/Wireframe' - All subshaders removed
WARNING: Shader Did you use #pragma only_renderers and omit this platform?
WARNING: Shader If subshaders removal was intentional, you may have forgotten turning Fallback off?
WARNING: Shader Unsupported: 'Universal Render Pipeline/VR/SpatialMapping/Wireframe' - All subshaders removed
WARNING: Shader Did you use #pragma only_renderers and omit this platform?
WARNING: Shader If subshaders removal was intentional, you may have forgotten turning Fallback off?
Refreshing native plugins compatible for Editor in 0.30 ms, found 1 plugins.
Preloading 0 native plugins for Editor in 0.00 ms.
Unloading 31 Unused Serialized files (Serialized files now loaded: 0)
Unloading 6404 unused Assets / (5.3 MB). Loaded Objects now: 7611.
Memory consumption went from 182.4 MB to 177.1 MB.
Total: 8.546292 ms (FindLiveObjects: 0.413291 ms CreateObjectMapping: 0.424459 ms MarkObjects: 5.334708 ms  DeleteObjects: 2.373541 ms)

Prepare: number of updated asset objects reloaded= 0
========================================================================
Received Prepare
Begin MonoManager ReloadAssembly
[Licensing::Client] Successfully resolved entitlement details
Thread 0x16b5bb000 may have been prematurely finalized
- Loaded All Assemblies, in  0.491 seconds
Refreshing native plugins compatible for Editor in 0.26 ms, found 1 plugins.
Native extension for OSXStandalone target not found
[Package Manager] Failed to launch server process. Reason: Unity was launched with the -noUpm command-line argument
[Package Manager] Unable to send message (not connected to server process).
[Package Manager] Cannot connect to Unity Package Manager local server
ScheduleIndexationOnStartup MainProcess:False IndexOnStartup:True
Mono: successfully reloaded assembly
- Finished resetting the current domain, in  0.553 seconds
Domain Reload Profiling: 1048ms
	BeginReloadAssembly (136ms)
		ExecutionOrderSort (0ms)
		DisableScriptedObjects (4ms)
		BackupInstance (0ms)
		ReleaseScriptingObjects (0ms)
		CreateAndSetChildDomain (53ms)
	RebuildCommonClasses (30ms)
	RebuildNativeTypeToScriptingClass (11ms)
	initialDomainReloadingComplete (15ms)
	LoadAllAssembliesAndSetupDomain (303ms)
		LoadAssemblies (195ms)
		RebuildTransferFunctionScriptingTraits (0ms)
		AnalyzeDomain (141ms)
			TypeCache.Refresh (9ms)
				TypeCache.ScanAssembly (0ms)
			BuildScriptInfoCaches (121ms)
			ResolveRequiredComponents (8ms)
	FinalizeReload (553ms)
		ReleaseScriptCaches (0ms)
		RebuildScriptCaches (0ms)
		SetupLoadedEditorAssemblies (449ms)
			LogAssemblyErrors (0ms)
			InitializePlatformSupportModulesInManaged (1ms)
			SetLoadedEditorAssemblies (4ms)
			BeforeProcessingInitializeOnLoad (112ms)
			ProcessInitializeOnLoadAttributes (290ms)
			ProcessInitializeOnLoadMethodAttributes (42ms)
			AfterProcessingInitializeOnLoad (1ms)
			EditorAssembliesLoaded (0ms)
		ExecutionOrderSort2 (0ms)
		AwakeInstancesAfterBackupRestoration (8ms)
WARNING: Shader Unsupported: 'Universal Render Pipeline/VR/SpatialMapping/Wireframe' - All subshaders removed
WARNING: Shader Did you use #pragma only_renderers and omit this platform?
WARNING: Shader If subshaders removal was intentional, you may have forgotten turning Fallback off?
WARNING: Shader Unsupported: 'Universal Render Pipeline/VR/SpatialMapping/Wireframe' - All subshaders removed
WARNING: Shader Did you use #pragma only_renderers and omit this platform?
WARNING: Shader If subshaders removal was intentional, you may have forgotten turning Fallback off?
Refreshing native plugins compatible for Editor in 0.38 ms, found 1 plugins.
Preloading 0 native plugins for Editor in 0.00 ms.
Unloading 31 Unused Serialized files (Serialized files now loaded: 0)
Unloading 6404 unused Assets / (5.6 MB). Loaded Objects now: 7614.
Memory consumption went from 182.5 MB to 176.9 MB.
Total: 8.387625 ms (FindLiveObjects: 0.438166 ms CreateObjectMapping: 0.276792 ms MarkObjects: 5.095000 ms  DeleteObjects: 2.577334 ms)

Prepare: number of updated asset objects reloaded= 0
========================================================================
Received Prepare
Begin MonoManager ReloadAssembly
Thread 0x16b5bb000 may have been prematurely finalized
- Loaded All Assemblies, in  0.553 seconds
Refreshing native plugins compatible for Editor in 0.19 ms, found 1 plugins.
Native extension for OSXStandalone target not found
[Package Manager] Failed to launch server process. Reason: Unity was launched with the -noUpm command-line argument
[Package Manager] Unable to send message (not connected to server process).
[Package Manager] Cannot connect to Unity Package Manager local server
ScheduleIndexationOnStartup MainProcess:False IndexOnStartup:True
Mono: successfully reloaded assembly
- Finished resetting the current domain, in  0.580 seconds
Domain Reload Profiling: 1137ms
	BeginReloadAssembly (184ms)
		ExecutionOrderSort (0ms)
		DisableScriptedObjects (7ms)
		BackupInstance (0ms)
		ReleaseScriptingObjects (0ms)
		CreateAndSetChildDomain (83ms)
	RebuildCommonClasses (29ms)
	RebuildNativeTypeToScriptingClass (10ms)
	initialDomainReloadingComplete (16ms)
	LoadAllAssembliesAndSetupDomain (317ms)
		LoadAssemblies (208ms)
		RebuildTransferFunctionScriptingTraits (0ms)
		AnalyzeDomain (148ms)
			TypeCache.Refresh (8ms)
				TypeCache.ScanAssembly (0ms)
			BuildScriptInfoCaches (128ms)
			ResolveRequiredComponents (8ms)
	FinalizeReload (581ms)
		ReleaseScriptCaches (0ms)
		RebuildScriptCaches (0ms)
		SetupLoadedEditorAssemblies (473ms)
			LogAssemblyErrors (0ms)
			InitializePlatformSupportModulesInManaged (1ms)
			SetLoadedEditorAssemblies (4ms)
			BeforeProcessingInitializeOnLoad (124ms)
			ProcessInitializeOnLoadAttributes (300ms)
			ProcessInitializeOnLoadMethodAttributes (43ms)
			AfterProcessingInitializeOnLoad (1ms)
			EditorAssembliesLoaded (0ms)
		ExecutionOrderSort2 (0ms)
		AwakeInstancesAfterBackupRestoration (8ms)
WARNING: Shader Unsupported: 'Universal Render Pipeline/VR/SpatialMapping/Wireframe' - All subshaders removed
WARNING: Shader Did you use #pragma only_renderers and omit this platform?
WARNING: Shader If subshaders removal was intentional, you may have forgotten turning Fallback off?
WARNING: Shader Unsupported: 'Universal Render Pipeline/VR/SpatialMapping/Wireframe' - All subshaders removed
WARNING: Shader Did you use #pragma only_renderers and omit this platform?
WARNING: Shader If subshaders removal was intentional, you may have forgotten turning Fallback off?
Refreshing native plugins compatible for Editor in 0.31 ms, found 1 plugins.
Preloading 0 native plugins for Editor in 0.00 ms.
Unloading 31 Unused Serialized files (Serialized files now loaded: 0)
Unloading 6404 unused Assets / (5.2 MB). Loaded Objects now: 7617.
Memory consumption went from 182.5 MB to 177.4 MB.
Total: 8.665667 ms (FindLiveObjects: 0.440417 ms CreateObjectMapping: 0.273250 ms MarkObjects: 5.366041 ms  DeleteObjects: 2.585834 ms)

Prepare: number of updated asset objects reloaded= 0
========================================================================
Received Prepare
Begin MonoManager ReloadAssembly
[Licensing::Client] Successfully resolved entitlement details
Thread 0x16b5bb000 may have been prematurely finalized
- Loaded All Assemblies, in  0.551 seconds
Refreshing native plugins compatible for Editor in 0.21 ms, found 1 plugins.
Native extension for OSXStandalone target not found
[Package Manager] Failed to launch server process. Reason: Unity was launched with the -noUpm command-line argument
[Package Manager] Unable to send message (not connected to server process).
[Package Manager] Cannot connect to Unity Package Manager local server
ScheduleIndexationOnStartup MainProcess:False IndexOnStartup:True
Mono: successfully reloaded assembly
- Finished resetting the current domain, in  0.575 seconds
Domain Reload Profiling: 1129ms
	BeginReloadAssembly (184ms)
		ExecutionOrderSort (0ms)
		DisableScriptedObjects (9ms)
		BackupInstance (0ms)
		ReleaseScriptingObjects (0ms)
		CreateAndSetChildDomain (80ms)
	RebuildCommonClasses (29ms)
	RebuildNativeTypeToScriptingClass (11ms)
	initialDomainReloadingComplete (17ms)
	LoadAllAssembliesAndSetupDomain (313ms)
		LoadAssemblies (200ms)
		RebuildTransferFunctionScriptingTraits (0ms)
		AnalyzeDomain (153ms)
			TypeCache.Refresh (11ms)
				TypeCache.ScanAssembly (0ms)
			BuildScriptInfoCaches (131ms)
			ResolveRequiredComponents (8ms)
	FinalizeReload (575ms)
		ReleaseScriptCaches (0ms)
		RebuildScriptCaches (0ms)
		SetupLoadedEditorAssemblies (470ms)
			LogAssemblyErrors (0ms)
			InitializePlatformSupportModulesInManaged (1ms)
			SetLoadedEditorAssemblies (4ms)
			BeforeProcessingInitializeOnLoad (112ms)
			ProcessInitializeOnLoadAttributes (311ms)
			ProcessInitializeOnLoadMethodAttributes (41ms)
			AfterProcessingInitializeOnLoad (1ms)
			EditorAssembliesLoaded (0ms)
		ExecutionOrderSort2 (0ms)
		AwakeInstancesAfterBackupRestoration (8ms)
WARNING: Shader Unsupported: 'Universal Render Pipeline/VR/SpatialMapping/Wireframe' - All subshaders removed
WARNING: Shader Did you use #pragma only_renderers and omit this platform?
WARNING: Shader If subshaders removal was intentional, you may have forgotten turning Fallback off?
WARNING: Shader Unsupported: 'Universal Render Pipeline/VR/SpatialMapping/Wireframe' - All subshaders removed
WARNING: Shader Did you use #pragma only_renderers and omit this platform?
WARNING: Shader If subshaders removal was intentional, you may have forgotten turning Fallback off?
Refreshing native plugins compatible for Editor in 0.33 ms, found 1 plugins.
Preloading 0 native plugins for Editor in 0.00 ms.
Unloading 31 Unused Serialized files (Serialized files now loaded: 0)
Unloading 6404 unused Assets / (5.4 MB). Loaded Objects now: 7620.
Memory consumption went from 182.6 MB to 177.1 MB.
Total: 8.590167 ms (FindLiveObjects: 0.411500 ms CreateObjectMapping: 0.279666 ms MarkObjects: 5.255167 ms  DeleteObjects: 2.643625 ms)

Prepare: number of updated asset objects reloaded= 0
========================================================================
Received Prepare
Begin MonoManager ReloadAssembly
Thread 0x16b5bb000 may have been prematurely finalized
- Loaded All Assemblies, in  0.546 seconds
Refreshing native plugins compatible for Editor in 0.22 ms, found 1 plugins.
Native extension for OSXStandalone target not found
[Package Manager] Failed to launch server process. Reason: Unity was launched with the -noUpm command-line argument
[Package Manager] Unable to send message (not connected to server process).
[Package Manager] Cannot connect to Unity Package Manager local server
ScheduleIndexationOnStartup MainProcess:False IndexOnStartup:True
Mono: successfully reloaded assembly
- Finished resetting the current domain, in  0.584 seconds
Domain Reload Profiling: 1134ms
	BeginReloadAssembly (179ms)
		ExecutionOrderSort (0ms)
		DisableScriptedObjects (9ms)
		BackupInstance (0ms)
		ReleaseScriptingObjects (0ms)
		CreateAndSetChildDomain (78ms)
	RebuildCommonClasses (31ms)
	RebuildNativeTypeToScriptingClass (10ms)
	initialDomainReloadingComplete (15ms)
	LoadAllAssembliesAndSetupDomain (314ms)
		LoadAssemblies (204ms)
		RebuildTransferFunctionScriptingTraits (0ms)
		AnalyzeDomain (150ms)
			TypeCache.Refresh (9ms)
				TypeCache.ScanAssembly (0ms)
			BuildScriptInfoCaches (128ms)
			ResolveRequiredComponents (10ms)
	FinalizeReload (584ms)
		ReleaseScriptCaches (0ms)
		RebuildScriptCaches (0ms)
		SetupLoadedEditorAssemblies (475ms)
			LogAssemblyErrors (0ms)
			InitializePlatformSupportModulesInManaged (1ms)
			SetLoadedEditorAssemblies (4ms)
			BeforeProcessingInitializeOnLoad (119ms)
			ProcessInitializeOnLoadAttributes (307ms)
			ProcessInitializeOnLoadMethodAttributes (44ms)
			AfterProcessingInitializeOnLoad (1ms)
			EditorAssembliesLoaded (0ms)
		ExecutionOrderSort2 (0ms)
		AwakeInstancesAfterBackupRestoration (7ms)
WARNING: Shader Unsupported: 'Universal Render Pipeline/VR/SpatialMapping/Wireframe' - All subshaders removed
WARNING: Shader Did you use #pragma only_renderers and omit this platform?
WARNING: Shader If subshaders removal was intentional, you may have forgotten turning Fallback off?
WARNING: Shader Unsupported: 'Universal Render Pipeline/VR/SpatialMapping/Wireframe' - All subshaders removed
WARNING: Shader Did you use #pragma only_renderers and omit this platform?
WARNING: Shader If subshaders removal was intentional, you may have forgotten turning Fallback off?
Refreshing native plugins compatible for Editor in 0.32 ms, found 1 plugins.
Preloading 0 native plugins for Editor in 0.00 ms.
Unloading 31 Unused Serialized files (Serialized files now loaded: 0)
Unloading 6404 unused Assets / (5.5 MB). Loaded Objects now: 7623.
Memory consumption went from 182.6 MB to 177.0 MB.
Total: 8.402417 ms (FindLiveObjects: 0.431291 ms CreateObjectMapping: 0.265042 ms MarkObjects: 5.231750 ms  DeleteObjects: 2.474083 ms)

Prepare: number of updated asset objects reloaded= 0
========================================================================
Received Prepare
Begin MonoManager ReloadAssembly
[Licensing::Client] Successfully resolved entitlement details
Thread 0x16b5bb000 may have been prematurely finalized
- Loaded All Assemblies, in  0.528 seconds
Refreshing native plugins compatible for Editor in 0.19 ms, found 1 plugins.
Native extension for OSXStandalone target not found
[Package Manager] Failed to launch server process. Reason: Unity was launched with the -noUpm command-line argument
[Package Manager] Unable to send message (not connected to server process).
[Package Manager] Cannot connect to Unity Package Manager local server
ScheduleIndexationOnStartup MainProcess:False IndexOnStartup:True
Mono: successfully reloaded assembly
- Finished resetting the current domain, in  0.543 seconds
Domain Reload Profiling: 1075ms
	BeginReloadAssembly (193ms)
		ExecutionOrderSort (0ms)
		DisableScriptedObjects (9ms)
		BackupInstance (0ms)
		ReleaseScriptingObjects (0ms)
		CreateAndSetChildDomain (78ms)
	RebuildCommonClasses (37ms)
	RebuildNativeTypeToScriptingClass (10ms)
	initialDomainReloadingComplete (15ms)
	LoadAllAssembliesAndSetupDomain (276ms)
		LoadAssemblies (177ms)
		RebuildTransferFunctionScriptingTraits (0ms)
		AnalyzeDomain (136ms)
			TypeCache.Refresh (9ms)
				TypeCache.ScanAssembly (0ms)
			BuildScriptInfoCaches (117ms)
			ResolveRequiredComponents (7ms)
	FinalizeReload (544ms)
		ReleaseScriptCaches (0ms)
		RebuildScriptCaches (0ms)
		SetupLoadedEditorAssemblies (444ms)
			LogAssemblyErrors (0ms)
			InitializePlatformSupportModulesInManaged (1ms)
			SetLoadedEditorAssemblies (4ms)
			BeforeProcessingInitializeOnLoad (111ms)
			ProcessInitializeOnLoadAttributes (286ms)
			ProcessInitializeOnLoadMethodAttributes (41ms)
			AfterProcessingInitializeOnLoad (1ms)
			EditorAssembliesLoaded (0ms)
		ExecutionOrderSort2 (0ms)
		AwakeInstancesAfterBackupRestoration (8ms)
WARNING: Shader Unsupported: 'Universal Render Pipeline/VR/SpatialMapping/Wireframe' - All subshaders removed
WARNING: Shader Did you use #pragma only_renderers and omit this platform?
WARNING: Shader If subshaders removal was intentional, you may have forgotten turning Fallback off?
WARNING: Shader Unsupported: 'Universal Render Pipeline/VR/SpatialMapping/Wireframe' - All subshaders removed
WARNING: Shader Did you use #pragma only_renderers and omit this platform?
WARNING: Shader If subshaders removal was intentional, you may have forgotten turning Fallback off?
Refreshing native plugins compatible for Editor in 0.31 ms, found 1 plugins.
Preloading 0 native plugins for Editor in 0.00 ms.
Unloading 31 Unused Serialized files (Serialized files now loaded: 0)
Unloading 6404 unused Assets / (6.3 MB). Loaded Objects now: 7626.
Memory consumption went from 182.7 MB to 176.4 MB.
Total: 9.252084 ms (FindLiveObjects: 0.421542 ms CreateObjectMapping: 0.264041 ms MarkObjects: 5.575334 ms  DeleteObjects: 2.990958 ms)

Prepare: number of updated asset objects reloaded= 0
========================================================================
Received Prepare
Begin MonoManager ReloadAssembly
Thread 0x16b5bb000 may have been prematurely finalized
- Loaded All Assemblies, in  0.519 seconds
Refreshing native plugins compatible for Editor in 0.21 ms, found 1 plugins.
Native extension for OSXStandalone target not found
[Package Manager] Failed to launch server process. Reason: Unity was launched with the -noUpm command-line argument
[Package Manager] Unable to send message (not connected to server process).
[Package Manager] Cannot connect to Unity Package Manager local server
ScheduleIndexationOnStartup MainProcess:False IndexOnStartup:True
Mono: successfully reloaded assembly
- Finished resetting the current domain, in  0.564 seconds
Domain Reload Profiling: 1086ms
	BeginReloadAssembly (187ms)
		ExecutionOrderSort (0ms)
		DisableScriptedObjects (8ms)
		BackupInstance (0ms)
		ReleaseScriptingObjects (0ms)
		CreateAndSetChildDomain (78ms)
	RebuildCommonClasses (28ms)
	RebuildNativeTypeToScriptingClass (10ms)
	initialDomainReloadingComplete (22ms)
	LoadAllAssembliesAndSetupDomain (276ms)
		LoadAssemblies (175ms)
		RebuildTransferFunctionScriptingTraits (0ms)
		AnalyzeDomain (140ms)
			TypeCache.Refresh (9ms)
				TypeCache.ScanAssembly (0ms)
			BuildScriptInfoCaches (119ms)
			ResolveRequiredComponents (7ms)
	FinalizeReload (564ms)
		ReleaseScriptCaches (0ms)
		RebuildScriptCaches (0ms)
		SetupLoadedEditorAssemblies (466ms)
			LogAssemblyErrors (0ms)
			InitializePlatformSupportModulesInManaged (1ms)
			SetLoadedEditorAssemblies (4ms)
			BeforeProcessingInitializeOnLoad (114ms)
			ProcessInitializeOnLoadAttributes (304ms)
			ProcessInitializeOnLoadMethodAttributes (43ms)
			AfterProcessingInitializeOnLoad (1ms)
			EditorAssembliesLoaded (0ms)
		ExecutionOrderSort2 (0ms)
		AwakeInstancesAfterBackupRestoration (8ms)
WARNING: Shader Unsupported: 'Universal Render Pipeline/VR/SpatialMapping/Wireframe' - All subshaders removed
WARNING: Shader Did you use #pragma only_renderers and omit this platform?
WARNING: Shader If subshaders removal was intentional, you may have forgotten turning Fallback off?
WARNING: Shader Unsupported: 'Universal Render Pipeline/VR/SpatialMapping/Wireframe' - All subshaders removed
WARNING: Shader Did you use #pragma only_renderers and omit this platform?
WARNING: Shader If subshaders removal was intentional, you may have forgotten turning Fallback off?
Refreshing native plugins compatible for Editor in 0.30 ms, found 1 plugins.
Preloading 0 native plugins for Editor in 0.00 ms.
Unloading 31 Unused Serialized files (Serialized files now loaded: 0)
Unloading 6404 unused Assets / (5.2 MB). Loaded Objects now: 7629.
Memory consumption went from 182.7 MB to 177.5 MB.
Total: 8.495792 ms (FindLiveObjects: 0.415292 ms CreateObjectMapping: 0.270041 ms MarkObjects: 5.339625 ms  DeleteObjects: 2.470584 ms)

Prepare: number of updated asset objects reloaded= 0
========================================================================
Received Prepare
Begin MonoManager ReloadAssembly
[Licensing::Client] Successfully resolved entitlement details
Thread 0x16b5bb000 may have been prematurely finalized
- Loaded All Assemblies, in  0.572 seconds
Refreshing native plugins compatible for Editor in 0.24 ms, found 1 plugins.
Native extension for OSXStandalone target not found
[Package Manager] Failed to launch server process. Reason: Unity was launched with the -noUpm command-line argument
[Package Manager] Unable to send message (not connected to server process).
[Package Manager] Cannot connect to Unity Package Manager local server
ScheduleIndexationOnStartup MainProcess:False IndexOnStartup:True
Mono: successfully reloaded assembly
- Finished resetting the current domain, in  0.546 seconds
Domain Reload Profiling: 1121ms
	BeginReloadAssembly (181ms)
		ExecutionOrderSort (0ms)
		DisableScriptedObjects (7ms)
		BackupInstance (0ms)
		ReleaseScriptingObjects (0ms)
		CreateAndSetChildDomain (71ms)
	RebuildCommonClasses (28ms)
	RebuildNativeTypeToScriptingClass (10ms)
	initialDomainReloadingComplete (14ms)
	LoadAllAssembliesAndSetupDomain (341ms)
		LoadAssemblies (223ms)
		RebuildTransferFunctionScriptingTraits (0ms)
		AnalyzeDomain (161ms)
			TypeCache.Refresh (11ms)
				TypeCache.ScanAssembly (0ms)
			BuildScriptInfoCaches (140ms)
			ResolveRequiredComponents (8ms)
	FinalizeReload (546ms)
		ReleaseScriptCaches (0ms)
		RebuildScriptCaches (0ms)
		SetupLoadedEditorAssemblies (445ms)
			LogAssemblyErrors (0ms)
			InitializePlatformSupportModulesInManaged (1ms)
			SetLoadedEditorAssemblies (3ms)
			BeforeProcessingInitializeOnLoad (107ms)
			ProcessInitializeOnLoadAttributes (295ms)
			ProcessInitializeOnLoadMethodAttributes (37ms)
			AfterProcessingInitializeOnLoad (1ms)
			EditorAssembliesLoaded (0ms)
		ExecutionOrderSort2 (0ms)
		AwakeInstancesAfterBackupRestoration (13ms)
WARNING: Shader Unsupported: 'Universal Render Pipeline/VR/SpatialMapping/Wireframe' - All subshaders removed
WARNING: Shader Did you use #pragma only_renderers and omit this platform?
WARNING: Shader If subshaders removal was intentional, you may have forgotten turning Fallback off?
WARNING: Shader Unsupported: 'Universal Render Pipeline/VR/SpatialMapping/Wireframe' - All subshaders removed
WARNING: Shader Did you use #pragma only_renderers and omit this platform?
WARNING: Shader If subshaders removal was intentional, you may have forgotten turning Fallback off?
Refreshing native plugins compatible for Editor in 0.29 ms, found 1 plugins.
Preloading 0 native plugins for Editor in 0.00 ms.
Unloading 31 Unused Serialized files (Serialized files now loaded: 0)
Unloading 6404 unused Assets / (6.2 MB). Loaded Objects now: 7632.
Memory consumption went from 182.8 MB to 176.6 MB.
Total: 9.015958 ms (FindLiveObjects: 0.352791 ms CreateObjectMapping: 0.243292 ms MarkObjects: 5.318875 ms  DeleteObjects: 3.100708 ms)

Prepare: number of updated asset objects reloaded= 0
